Zero Waste Omaha: Sustainable City Guide,https://existgreen.com/wp-content/uploads/2017/04/Zero-Waste-Omaha-Sustainable-City-Guide-Exist-Green-1080x617.jpg,19-Mar-17,https://existgreen.com/zero-waste-omaha-sustainable-city-guide/,Exist Green,Zero Waste Omaha Sustainable City Guide
Conscious Consumerism is Not a Lie…As Long as you Do it Right,https://existgreen.com/wp-content/uploads/2017/03/Conscious-Consumerism-is-Not-a-Lie...As-Long-as-You-Do-it-Right-1024x617.jpg,2-Mar-17,https://existgreen.com/conscious-consumerism-is-not-a-lie/,Exist Green,Conscious Consumerism is Not LieAs Long as you Do it Right
Indoor Air Quality is More than Plants: Radon and other Concerns,https://existgreen.com/wp-content/uploads/2017/02/Indoor-Air-Quality-is-More-than-Plants-Radon-and-Other-Concerns-Featured-1170x617.jpg,3-Feb-17,https://existgreen.com/indoor-air-quality-more-than-plants-radon-concerns/,Exist Green,Indoor Air Quality is More than Plants Radon other Concerns
How I Travel Carbon-Free (Without Purchasing Offsets),https://existgreen.com/wp-content/uploads/2017/01/How-I-Travel-Carbon-Free-Downtown-Puerto-Vallarta-at-Dawn-1170x617.jpg,16-Jan-17,https://existgreen.com/travel-carbon-free/,Exist Green,I Travel CarbonFree Purchasing Offsets
Beginner's Guide: Eco-Friendly Lotion Bars,https://existgreen.com/wp-content/uploads/2017/01/Zero-Waste-and-Eco-Friendly-Lotion-Bars-Lavender-Lego-Army-1170x617.jpg,13-Jan-17,https://existgreen.com/beginners-guide-eco-friendly-lotion-bars/,Exist Green,Beginners Guide EcoFriendly Lotion Bars
Costume Jewelry + Nail Polish Light Bulb Ornaments,https://existgreen.com/wp-content/uploads/2016/12/Upcycled-Light-Bulbs-1170x617.jpg,21-Dec-16,https://existgreen.com/costume-jewelry-nail-polish-light-bulb-ornaments/,Exist Green,Costume Jewelry  Nail Polish Light Bulb Ornaments
Upcycled Lightbulb Snowglobe Ornaments,https://existgreen.com/wp-content/uploads/2016/12/Upcycled-Lightbulb-Snowglobe-Personalized-Ornaments-1170x617.jpg,20-Dec-16,https://existgreen.com/upcycled-lightbulb-snowglobe-ornaments/,Exist Green,Upcycled Lightbulb Snowglobe Ornaments
Create your Zero-Waste and Sustainable Essentials “Wishlist”,NULL - image,12-Dec-16,https://existgreen.com/zero-waste-sustainable-essentials-wishlist/,Exist Green,Create your ZeroWaste Sustainable Essentials Wishlist
My Favorite Sustainable Vegan Winter Coat,https://existgreen.com/wp-content/uploads/2016/12/Sustainable-Vegan-Winter-Coat-with-Hood-1170x617.jpg,9-Dec-16,https://existgreen.com/sustainable-vegan-winter-coat/,Exist Green,Favorite Sustainable Vegan Winter Coat
Go Ghoulishly Green: Zero-Waste Halloween,https://existgreen.com/wp-content/uploads/2016/10/Go-Ghoulishly-Green-Zero-Waste-and-Eco-Friendly-Halloween-Tips-1-768x617.jpg,16-Oct-16,https://existgreen.com/eco-friendly-halloween/,Exist Green,Go Ghoulishly Green ZeroWaste Halloween
Whole Tomato Sauce,https://existgreen.com/wp-content/uploads/2016/10/Whole-Tomato-Sauce-with-Golden-and-Roma-Tomatoes-1024x617.jpg,10-Oct-16,https://existgreen.com/whole-tomato-sauce/,Exist Green,Whole Tomato Sauce
Celebrate Summer with an Eco-Friendly Lakeside Picnic,https://existgreen.com/wp-content/uploads/2016/10/Eco-Friendly-Lakeside-Picnic-1080x617.jpg,30-Aug-16,https://existgreen.com/eco-friendly-lakeside-picnic/,Exist Green,Celebrate Summer an EcoFriendly Lakeside Picnic
10 Back to School Essentials for the Nature Lover,https://existgreen.com/wp-content/uploads/2016/10/Back-to-School-Essentials-for-the-Nature-Lover-1-1170x617.jpg,16-Aug-16,https://existgreen.com/back-to-school-essentials-nature-lover/,Exist Green,Back School Essentials Nature Lover
Create your Ecological Savings Profile,https://existgreen.com/wp-content/uploads/2016/08/Create-your-own-Ecological-Savings-Profile-735x617.jpg,10-Aug-16,https://existgreen.com/create-your-ecological-savings-profile/,Exist Green,Create your Ecological Savings Profile
What will Future Independence Day Celebrations Look Like?,https://existgreen.com/wp-content/uploads/2016/10/Future-Independence-Day-Celebrations-1170x617.jpg,4-Jul-16,https://existgreen.com/future-independence-day-celebrations/,Exist Green,What will Future Independence Celebrations Look
Burning Plastic for Energy: Is it Green?,https://existgreen.com/wp-content/uploads/2016/04/Burning-Plastic-for-Energy-1080x617.jpg,21-Apr-16,https://existgreen.com/burning-plastic-for-energy/,Exist Green,Burning Plastic Energy Is it Green
"Dandelion Greens, Lentil, and Split Pea Coconut Soup",https://existgreen.com/wp-content/uploads/2016/10/Dandelion-Greens-Lentil-and-Split-Pea-Coconut-Soup-Top-View-1024x617.jpg,4-Apr-16,https://existgreen.com/dandelion-greens-lentil-soup/,Exist Green,Dandelion Greens Lentil Split Pea Coconut Soup
Ditch the Paper Cup,https://existgreen.com/wp-content/uploads/2016/07/Ditch-the-Paper-Cup-e1478908786249.jpg,11-Mar-16,https://existgreen.com/ditch-the-paper-cup/,Exist Green,Ditch Paper Cup
Landfill Energy only a Sustainable Afterthought,https://existgreen.com/wp-content/uploads/2016/03/Landfill-Energy-Sustainable-Afterthought-1080x617.jpg,10-Mar-16,https://existgreen.com/landfill-energy-sustainable-afterthought/,Exist Green,Landfill Energy only Sustainable Afterthought
Try Vegan,https://existgreen.com/wp-content/uploads/2016/07/Try-Vegan-e1478908724556.jpg,7-Mar-16,https://existgreen.com/try-vegan/,Exist Green,Try Vegan
Think of the Reef,https://existgreen.com/wp-content/uploads/2016/03/Think-of-the-Reef-e1478909092841.jpg,5-Mar-16,https://existgreen.com/think-of-the-reef/,Exist Green,Think Reef
Zero Waste Shopping,https://existgreen.com/wp-content/uploads/2016/07/Byobags-e1478908770334.jpg,1-Mar-16,https://existgreen.com/byobags/,Exist Green,Zero Waste Shopping
How to Use Shampoo Bars,https://i0.wp.com/www.tinyyellowbungalow.com/wp-content/uploads/2018/01/howtouseshampoobars.png?fit=500%2C300&ssl=1,30-Jan-18,https://www.tinyyellowbungalow.com/use-shampoo-bar/,Tiny Yellow Bungalow,Use Shampoo Bars
cloth diapering 101,https://i0.wp.com/www.tinyyellowbungalow.com/wp-content/uploads/2018/01/Cloth-Diapering-101.png?fit=735%2C1102&ssl=1,5-Jan-18,https://www.tinyyellowbungalow.com/cloth-diapering-101/,Tiny Yellow Bungalow,cloth diapering
zero waste halloween,https://i2.wp.com/www.tinyyellowbungalow.com/wp-content/uploads/2017/10/IMG_4989.jpg?fit=640%2C764&ssl=1,5-Oct-17,https://www.tinyyellowbungalow.com/zero-waste-halloween/,Tiny Yellow Bungalow,zero waste halloween
my zero waste on the go kit,https://i2.wp.com/www.tinyyellowbungalow.com/wp-content/uploads/2017/10/zero-waste-on-the-go-kit.jpg?fit=1050%2C757&ssl=1,2-Oct-17,https://www.tinyyellowbungalow.com/zero-waste-on-the-go-kit/,Tiny Yellow Bungalow,zero waste go kit
what's in my bag? zero waste edition,https://i0.wp.com/www.tinyyellowbungalow.com/wp-content/uploads/2017/09/zero-waste-bag.jpg?fit=1091%2C757&ssl=1,1-Oct-17,https://www.tinyyellowbungalow.com/zero-waste-bag/,Tiny Yellow Bungalow,whats bag zero waste edition
8 five-minute decluttering tips to simplify your digital life,https://i1.wp.com/www.tinyyellowbungalow.com/wp-content/uploads/2017/08/E2FBEFD1-6840-4B5A-8891-81676ECB0EA2.jpg?fit=1078%2C757&ssl=1,2-Sep-17,https://www.tinyyellowbungalow.com/decluttering-tips/,Tiny Yellow Bungalow,fiveminute decluttering tips simplify your digital life
zero waste toiletry kit,https://i2.wp.com/www.tinyyellowbungalow.com/wp-content/uploads/2017/05/D824400E-9335-4B6F-A2DB-60259C8EE0B7.jpg?fit=3088%2C3072&ssl=1,11-Jun-17,https://www.tinyyellowbungalow.com/zero-waste-toiletry-kit/,Tiny Yellow Bungalow,zero waste toiletry kit
zero waste deodorant,https://i1.wp.com/www.tinyyellowbungalow.com/wp-content/uploads/2017/04/IMG_3425.jpg?fit=2412%2C2400&ssl=1,13-Apr-17,https://www.tinyyellowbungalow.com/zero-waste-deodorant/,Tiny Yellow Bungalow,zero waste deodorant
making the switch to zero waste toothpaste,https://i0.wp.com/www.tinyyellowbungalow.com/wp-content/uploads/2016/01/10413889_473296402858624_68987727_n.jpg?fit=1080%2C1080&ssl=1,22-Feb-17,https://www.tinyyellowbungalow.com/making-switch-zero-waste-toothpaste/,Tiny Yellow Bungalow,making switch zero waste toothpaste
minimalism by choice,https://i2.wp.com/www.tinyyellowbungalow.com/wp-content/uploads/2017/01/minimalism.png?fit=1024%2C768&ssl=1,31-Jan-17,https://www.tinyyellowbungalow.com/minimalismbychoice/,Tiny Yellow Bungalow,minimalism choice
beginner's guide to zero waste,https://i2.wp.com/www.tinyyellowbungalow.com/wp-content/uploads/2017/01/Beginners-Guide-to.png?fit=735%2C1102&ssl=1,9-Jan-17,https://www.tinyyellowbungalow.com/beginners-guide-zero-waste/,Tiny Yellow Bungalow,beginners guide zero waste
zero waste remedies for cold & flu season,https://i1.wp.com/www.tinyyellowbungalow.com/wp-content/uploads/2016/10/IMG_1778.jpg?fit=3264%2C2448&ssl=1,11-Jun-17,https://www.tinyyellowbungalow.com/zero-waste-remedies-cold-flu-season/,Tiny Yellow Bungalow,zero waste remedies cold  flu season
are essential oils zero waste?,NULL - image,15-Dec-16,https://www.tinyyellowbungalow.com/essential-oils-zero-waste/,Tiny Yellow Bungalow,are essential oils zero waste
zero waste dog treats recipe,https://i0.wp.com/www.tinyyellowbungalow.com/wp-content/uploads/2016/08/IMG_1083.jpg?fit=1130%2C1412&ssl=1,15-Dec-16,https://www.tinyyellowbungalow.com/zero-waste-dog-treats-recipe/,Tiny Yellow Bungalow,zero waste dog treats recipe
"eco-friendly, zero waste online shopping",https://i0.wp.com/www.tinyyellowbungalow.com/wp-content/uploads/2016/08/FullSizeRender-3.jpg?fit=640%2C614&ssl=1,15-Dec-16,https://www.tinyyellowbungalow.com/eco-friendly-zero-waste-online-shopping/,Tiny Yellow Bungalow,ecofriendly zero waste online shopping
safe in the sun: zero waste sunscreen,https://i1.wp.com/www.tinyyellowbungalow.com/wp-content/uploads/2016/07/MAKES-1.jpg?fit=1024%2C768&ssl=1,15-Dec-16,https://www.tinyyellowbungalow.com/safe-sun-zero-waste-sunscreen/,Tiny Yellow Bungalow,safe sun zero waste sunscreen
no more plastic water bottles,https://i1.wp.com/www.tinyyellowbungalow.com/wp-content/uploads/2016/04/IMG_9423.jpg?fit=2448%2C3264&ssl=1,15-Dec-16,https://www.tinyyellowbungalow.com/no-plastic-water-bottles/,Tiny Yellow Bungalow,more plastic water bottles
5 simple switches for an ecofriendly kitchen,https://i0.wp.com/www.tinyyellowbungalow.com/wp-content/uploads/2016/05/IMG_9578-1.jpg?fit=2448%2C2448&ssl=1,11-Jun-17,https://www.tinyyellowbungalow.com/5-simple-switches-ecofriendly/,Tiny Yellow Bungalow,simple switches an ecofriendly kitchen
5 Simple Switches for an Ecofriendly Bathroom,https://i1.wp.com/www.tinyyellowbungalow.com/wp-content/uploads/2016/03/IMG_8985-1.jpg?fit=2448%2C2448&ssl=1,11-Jun-17,https://www.tinyyellowbungalow.com/simple-switches-ecofriendly-bathroom/,Tiny Yellow Bungalow,Simple Switches an Ecofriendly Bathroom
zero waste period,https://i1.wp.com/www.tinyyellowbungalow.com/wp-content/uploads/2016/02/IMG_8736.jpg?fit=2448%2C2448&ssl=1,11-Jun-17,https://www.tinyyellowbungalow.com/zero-waste-period/,Tiny Yellow Bungalow,zero waste period
5 simple sustainable switches,https://i2.wp.com/www.tinyyellowbungalow.com/wp-content/uploads/2016/02/5-Simple-Sustainable-Switches-e1454636802735.png?fit=800%2C558&ssl=1,11-Jun-17,https://www.tinyyellowbungalow.com/10-steps-to-sustainability/,Tiny Yellow Bungalow,simple sustainable switches
zero waste shaving: safety razor,https://i0.wp.com/www.tinyyellowbungalow.com/wp-content/uploads/2016/01/IMG_8413-1.jpg?fit=2448%2C3264&ssl=1,27-Feb-17,https://www.tinyyellowbungalow.com/zero-waste-shaving-safety-razor/,Tiny Yellow Bungalow,zero waste shaving safety razor
tips for reducing food waste,https://i1.wp.com/www.tinyyellowbungalow.com/wp-content/uploads/2015/12/Reduce-Food-Waste.png?fit=800%2C800&ssl=1,15-Dec-16,https://www.tinyyellowbungalow.com/tips-reducing-food-waste/,Tiny Yellow Bungalow,tips reducing food waste
happy holidays: eco conscious gift giving!,https://i0.wp.com/www.tinyyellowbungalow.com/wp-content/uploads/2015/11/mountains.jpg?fit=960%2C894&ssl=1,3-Dec-16,https://www.tinyyellowbungalow.com/happy-holidays-eco-conscious-gift-giving/,Tiny Yellow Bungalow,happy holidays eco conscious gift giving
say no to single use plastic bags,https://i1.wp.com/www.tinyyellowbungalow.com/wp-content/uploads/2015/09/navytote.jpg?fit=405%2C405&ssl=1,15-Dec-16,https://www.tinyyellowbungalow.com/say-no-single-use-plastic-bags/,Tiny Yellow Bungalow,say single use plastic bags
late night zero waste homemade applesauce making,https://i2.wp.com/www.tinyyellowbungalow.com/wp-content/uploads/2015/09/IMG_5847.jpg?fit=2448%2C2448&ssl=1,16-Oct-16,https://www.tinyyellowbungalow.com/late-night-zero-waste-homemade-applesauce-making/,Tiny Yellow Bungalow,late night zero waste homemade applesauce making
"bamboo toothbrushes: out with the old, in with the new",https://i1.wp.com/www.tinyyellowbungalow.com/wp-content/uploads/2015/09/11925893_1626911807571496_704243526_n.jpg?fit=1080%2C1080&ssl=1,16-Oct-16,https://www.tinyyellowbungalow.com/bamboo-toothbrushes-old-new/,Tiny Yellow Bungalow,bamboo toothbrushes out old new
"eco friendly, zero waste inspired packing and moving",https://i0.wp.com/www.tinyyellowbungalow.com/wp-content/uploads/2015/08/moving.jpg?fit=854%2C1280&ssl=1,16-Oct-16,https://www.tinyyellowbungalow.com/eco-friendly-zero-waste-inspired-packing-moving/,Tiny Yellow Bungalow,eco friendly zero waste inspired packing moving
zero waste bibliophile,https://i2.wp.com/www.tinyyellowbungalow.com/wp-content/uploads/2015/08/littlefreelibrary.jpg?fit=2448%2C3264&ssl=1,16-Oct-16,https://www.tinyyellowbungalow.com/zero-waste-bibliophile/,Tiny Yellow Bungalow,zero waste bibliophile
waste conscious air travel,https://i0.wp.com/www.tinyyellowbungalow.com/wp-content/uploads/2015/07/FullSizeRender.jpg?fit=472%2C625&ssl=1,16-Oct-16,https://www.tinyyellowbungalow.com/waste-conscious-air-travel/,Tiny Yellow Bungalow,waste conscious air travel
regrow plants from kitchen scraps: part deux,https://i1.wp.com/www.tinyyellowbungalow.com/wp-content/uploads/2015/06/IMG_4244.jpg?fit=960%2C1280&ssl=1,29-Sep-17,https://www.tinyyellowbungalow.com/regrow-plants-kitchen-scraps-part-deux/,Tiny Yellow Bungalow,regrow plants kitchen scraps part deux
regrow plants from kitchen scraps,https://i0.wp.com/www.tinyyellowbungalow.com/wp-content/uploads/2015/06/IMG_4034.jpg?fit=1280%2C1280&ssl=1,31-Dec-16,https://www.tinyyellowbungalow.com/regrow-plants-food-scraps/,Tiny Yellow Bungalow,regrow plants kitchen scraps
disposable coffee cup pollution,https://i1.wp.com/www.tinyyellowbungalow.com/wp-content/uploads/2015/05/FullSizeRender-1.jpg?fit=640%2C621&ssl=1,17-Oct-16,https://www.tinyyellowbungalow.com/305/,Tiny Yellow Bungalow,disposable coffee cup pollution
composting for rookies,https://i1.wp.com/www.tinyyellowbungalow.com/wp-content/uploads/2015/02/IMG_2136.jpg?fit=2448%2C2448&ssl=1,5-Nov-17,https://www.tinyyellowbungalow.com/composting-rookies/,Tiny Yellow Bungalow,composting rookies
snail garden invasion: natural remedies to rid your garden of snails,https://i1.wp.com/www.tinyyellowbungalow.com/wp-content/uploads/2015/04/IMG_3149.jpg?fit=2448%2C3264&ssl=1,17-Oct-16,https://www.tinyyellowbungalow.com/snail-garden-invasion/,Tiny Yellow Bungalow,snail garden invasion natural remedies rid your garden snails
"big house, little house: downsizing for sustainability",https://i1.wp.com/www.tinyyellowbungalow.com/wp-content/uploads/2015/04/tinyrevolution.jpg?fit=1000%2C1500&ssl=1,17-Oct-16,https://www.tinyyellowbungalow.com/big-house-little-house-downsizing-sustainability/,Tiny Yellow Bungalow,big house little house downsizing sustainability
antibacterial ingredient causing more harm than good,NULL - image,17-Oct-16,https://www.tinyyellowbungalow.com/antibacterial-ingredient-causing-harm-good/,Tiny Yellow Bungalow,antibacterial ingredient causing more harm than good
small space and indoor gardening,https://i2.wp.com/www.tinyyellowbungalow.com/wp-content/uploads/2015/03/IMG_2697-1.jpg?fit=2448%2C2448&ssl=1,11-Aug-17,https://www.tinyyellowbungalow.com/apartment-gardening/,Tiny Yellow Bungalow,small space indoor gardening
plastic free living: round 2,https://i0.wp.com/www.tinyyellowbungalow.com/wp-content/uploads/2015/03/IMG_2467.jpg?fit=2448%2C2448&ssl=1,17-Oct-16,https://www.tinyyellowbungalow.com/plastic-free-living-round-2/,Tiny Yellow Bungalow,plastic free living round
the urban farmer,https://i1.wp.com/www.tinyyellowbungalow.com/wp-content/uploads/2015/02/farmcity.jpg?fit=326%2C499&ssl=1,6-Aug-17,https://www.tinyyellowbungalow.com/urban-farmer/,Tiny Yellow Bungalow,urban farmer
“plastic purge:” less plastic for health and environment.,https://i2.wp.com/www.tinyyellowbungalow.com/wp-content/uploads/2015/02/IMG_2351.jpg?fit=2448%2C3264&ssl=1,6-Aug-17,https://www.tinyyellowbungalow.com/plastic-purge-less-plastic-personal-health-environment/,Tiny Yellow Bungalow,plastic purge less plastic health environment.
composting for rookies,https://i1.wp.com/www.tinyyellowbungalow.com/wp-content/uploads/2015/02/IMG_2136.jpg?fit=2448%2C2448&ssl=1,5-Nov-17,https://www.tinyyellowbungalow.com/composting-rookies/,Tiny Yellow Bungalow,composting rookies
what you need to know about the meat industry,NULL - image,13-Oct-16,https://www.tinyyellowbungalow.com/meat-industry/,Tiny Yellow Bungalow,what you need know meat industry
the ugly truth behind our food industry,NULL - image,13-Oct-16,https://www.tinyyellowbungalow.com/ugly-truth-behind-our-food-industry/,Tiny Yellow Bungalow,ugly truth our food industry
starting from seed: new eco blog,https://i1.wp.com/www.tinyyellowbungalow.com/wp-content/uploads/2015/02/sprout.jpg?fit=336%2C448&ssl=1,17-Oct-16,https://www.tinyyellowbungalow.com/starting-seed-eco-blog/,Tiny Yellow Bungalow,starting seed new eco blog