How to Create a Safe, Zero Waste Laundry Routine|http://janeandsimpleliving.com/wp-content/uploads/2017/11/IMG_20171122_102003-1024x768.jpg|11/22/2017|http://janeandsimpleliving.com/zero-waste-laundry/|Jane and Simple|how create safe zero waste laundry routine|
October in Review: Compost More, (Food) Waste Less|http://janeandsimpleliving.com/wp-content/uploads/2017/11/PicsArt_11-17-12.04.40-1024x768.jpg|11/18/2017|http://janeandsimpleliving.com/octobers-compost-bin/|Jane and Simple|october review compost more food waste less|
September’s Recycling Bin: So, what Does a Zero Waster Recycle?!|http://janeandsimpleliving.com/wp-content/uploads/2017/10/IMG_20171017_182402-1024x768.jpg|10/20/2017|http://janeandsimpleliving.com/september-recycling-bin/|Jane and Simple|septembers recycling bin so what does zero waster recycle|
August’s Trash Bin: Concerts, Weddings, & Everyday Fails|http://janeandsimpleliving.com/wp-content/uploads/2017/09/PicsArt_09-05-08.38.15.jpg|09/07/2017|http://janeandsimpleliving.com/august-trash-can/|Jane and Simple|augusts trash bin concerts weddings  everyday fails|
Zero Waste & Shaving: The Return of the Safety Razor|http://janeandsimpleliving.com/wp-content/uploads/2017/07/IMG_20170724_103844-2.jpg|07/31/2017|http://janeandsimpleliving.com/safety-razor/|Jane and Simple|zero waste  shaving return safety razor|
Will The First Date Be The Last Date? Zero Waste, Romance, & Taking Risks|http://janeandsimpleliving.com/wp-content/uploads/2017/07/mom-and-dad.jpg|07/02/2017|http://janeandsimpleliving.com/first-date-or-last-date/|Jane and Simple|will first date be last date zero waste romance  taking risks|
Flax Milk: An Affordable, Easy-To-Make Alternative to Cow’s Milk|http://janeandsimpleliving.com/wp-content/uploads/2017/06/PicsArt_06-06-07.17.12-1.jpg|06/07/2017|http://janeandsimpleliving.com/homemade-flax-milk/|Jane and Simple|flax milk an affordable easytomake alternative cows milk|
Weathering the Storms of Mental Illness: Finding Hope in the Garbage & the Garden|http://janeandsimpleliving.com/wp-content/uploads/2017/05/IMG_20170520_103625-2-1-1024x690.jpg|05/31/2017|http://janeandsimpleliving.com/weathering-the-storms-of-mental-illness/|Jane and Simple|weathering storms mental illness finding hope garbage  garden|
Zero Waste vs. Hotel Waste: 6 Tips for a Greener Trip|http://janeandsimpleliving.com/wp-content/uploads/2017/05/IMG_20170427_052405-2-1024x720.jpg|05/04/2017|http://janeandsimpleliving.com/hotel-waste/|Jane and Simple|zero waste vs. hotel waste tips greener trip|
How to Build a Garden Bed and a Compost Barrel at Home|http://janeandsimpleliving.com/wp-content/uploads/2017/04/IMG_20170426_071222-1-300x225.jpg|04/22/2017|http://janeandsimpleliving.com/to-plant-a-garden/|Jane and Simple|how build garden bed compost barrel home|
“Don’t Let The Perfect Be the Enemy of the Good”|http://janeandsimpleliving.com/wp-content/uploads/2017/04/About-Me-1-1024x631.png|04/22/2017|http://janeandsimpleliving.com/dont-let-the-perfect-be-the-enemy-of-the-good/|Jane and Simple|dont let perfect be enemy good|
What is “Zero Waste”?|http://janeandsimpleliving.com/wp-content/uploads/2017/04/5c0c380611eefb24f3a27d61274bd3de-266x300.jpg|NULL - date|http://janeandsimpleliving.com/zerowaste/|Jane and Simple|what is zero waste|
3 Steps to Zero Waste|http://janeandsimpleliving.com/wp-content/uploads/2017/05/Untitled.png|NULL - date|http://janeandsimpleliving.com/3-steps-to-zero-waste/|Jane and Simple|3 steps zero waste|
