Zero Waste Swaps: Personal Hygiene|http://trashisfortossers.com/wp-content/uploads/2017/10/zero-waste-swaps-featured-image-1280x720.jpg|NULL - date|http://trashisfortossers.com/zero-waste-swaps/|Trash is for Tossers|zero waste swaps personal hygiene bathroom easy changes home toiletries|
A Look Inside My Zero Waste, Brooklyn Apartment|http://trashisfortossers.com/wp-content/uploads/2015/12/DanielaSpector-TCR-7802-300x450.jpg|NULL - date|http://trashisfortossers.com/a-look-inside-my-zero-waste-brooklyn-apartment/|Trash is for Tossers|look inside zero waste brooklyn apartment home|
The Best Toilet Paper For Living Zero Waste|NULL - image|NULL - date|http://trashisfortossers.com/best-toilet-paper-zero-waste/|Trash is for Tossers|best toilet paper living zero waste bathroom home|
Documentaries That Changed My Life|http://66.147.244.183/~trashisf/wp-content/uploads/2016/05/51chghUEdSL._SY300_.jpg|NULL - date|http://trashisfortossers.com/documentaries-that-changed-my-life/|Trash is for Tossers|documentaries that changed life easy changes home travel|
Lauren Singer’s Zero Waste Home|http://66.147.244.183/~trashisf/wp-content/uploads/2015/12/DanielaSpector-TCR-7813.jpg|NULL - date|http://trashisfortossers.com/my-home/|Trash is for Tossers|lauren singers zero waste home home|
A Simple Swap for Plastic Water Bottles|NULL - image|NULL - date|http://trashisfortossers.com/simple-swap-plastic-water-bottles/|Trash is for Tossers|simple swap plastic water bottles easy changes home kitchen office shopping toiletries travel|
Plastic Bags|NULL - image|NULL - date|http://trashisfortossers.com/simple-swap-plastic-bags/|Trash is for Tossers|plastic bags easy changes food home shopping travel|
Two Years of Trash|http://66.147.244.183/~trashisf/wp-content/uploads/2014/12/TwoYearsofTrash.jpg|NULL - date|http://trashisfortossers.com/two-years-of-tras/|Trash is for Tossers|two years trash home|
Zero Waste Sex|http://66.147.244.183/~trashisf/wp-content/uploads/2014/09/IMG_6564-1100x733.jpg|NULL - date|http://trashisfortossers.com/turn-me-on/|Trash is for Tossers|zero waste sex bathroom bedroom home|
Cleaning the Toilet Without Waste|http://66.147.244.183/~trashisf/wp-content/uploads/2014/08/IMG_6244-1100x758.jpg|NULL - date|http://trashisfortossers.com/cleaning-toilet-naturally/|Trash is for Tossers|cleaning toilet waste bathroom cleaning home|
Zero Waste Picnic|http://66.147.244.183/~trashisf/wp-content/uploads/2014/08/IMG_6200-1100x733.jpg|NULL - date|http://trashisfortossers.com/hosting-zero-waste-picnic/|Trash is for Tossers|zero waste picnic food home|
Zero Waste Toilet Brush|http://66.147.244.183/~trashisf/wp-content/uploads/2014/07/unnamed-1.jpg|NULL - date|http://trashisfortossers.com/gettin-freaked-at-sight-of/|Trash is for Tossers|zero waste toilet brush bathroom cleaning home|
Zero Waste Moving|http://66.147.244.183/~trashisf/wp-content/uploads/2014/06/Untitled3.png|NULL - date|http://trashisfortossers.com/i-had-emotional-breakdown/|Trash is for Tossers|zero waste moving home travel|
Why I Let my Fridge go Bare|http://66.147.244.183/~trashisf/wp-content/uploads/2014/02/photo-1-1100x1100.jpg|NULL - date|http://trashisfortossers.com/why-i-let-my-fridge-go-bare/|Trash is for Tossers|why i let fridge go bare food home kitchen shopping|
Four Months of Trash|https://lh3.googleusercontent.com/-GAnLSj1BOQQ/UwLMnLtwmVI/AAAAAAAABds/78-o92--9wg/s640/blogger-image-105806171.jpg|NULL - date|http://trashisfortossers.com/over-four-months-of-tras/|Trash is for Tossers|four months trash home|
Hosting a Zero Waste Dinner Party|http://66.147.244.183/~trashisf/wp-content/uploads/2014/01/IMG_5928-1100x733.jpg|NULL - date|http://trashisfortossers.com/hosting-zero-waste-dinner-party/|Trash is for Tossers|hosting zero waste dinner party food home|
Storing Leftovers Without Waste|http://66.147.244.183/~trashisf/wp-content/uploads/2013/11/photo-4.jpg|NULL - date|http://trashisfortossers.com/storing-leftovers-waste-free/|Trash is for Tossers|storing leftovers waste food home kitchen travel|
Two Months of Trash|http://66.147.244.183/~trashisf/wp-content/uploads/2013/11/Screen-Shot-2013-11-21-at-3.30.54-PM.png|NULL - date|http://trashisfortossers.com/two-months-of-tras/|Trash is for Tossers|two months trash home|
One Month of Trash|http://66.147.244.183/~trashisf/wp-content/uploads/2013/10/Screen-Shot-2013-10-19-at-2.27.27-PM.png|NULL - date|http://trashisfortossers.com/one-month-of-tras/|Trash is for Tossers|one month trash home|
Two Weeks of Trash|http://66.147.244.183/~trashisf/wp-content/uploads/2013/10/IMG_5569.jpg|NULL - date|http://trashisfortossers.com/two-weeks-of-tras/|Trash is for Tossers|two weeks trash home|
What is Waste, Anyway?|http://66.147.244.183/~trashisf/wp-content/uploads/2013/09/IMG_5547.jpg|NULL - date|http://trashisfortossers.com/what-is-waste-anyway/|Trash is for Tossers|what is waste anyway home|
Zero Waste, No-Tape Gift Wrapping|http://66.147.244.183/~trashisf/wp-content/uploads/2013/08/IMG_4967.jpg|NULL - date|http://trashisfortossers.com/zero-waste-no-tape-gift-wrapping/|Trash is for Tossers|zero waste notape gift wrapping home shopping|
Why You Should ALWAYS drink Organic Wine|http://66.147.244.183/~trashisf/wp-content/uploads/2013/07/IMG_5919.jpg|NULL - date|http://trashisfortossers.com/the-scary-truth-about-wine/|Trash is for Tossers|why you should always drink organic wine food home kitchen|
The Healing Properties of Plants|http://66.147.244.183/~trashisf/wp-content/uploads/2013/07/IMG_5835.jpg|NULL - date|http://trashisfortossers.com/the-healing-properties-of-plants/|Trash is for Tossers|healing properties plants food home|
Wild Wineberries|http://66.147.244.183/~trashisf/wp-content/uploads/2013/07/IMG_5172-1100x1100.jpg|NULL - date|http://trashisfortossers.com/my-type-of-street-food/|Trash is for Tossers|wild wineberries food home|
How to Store Your Vegetables Without Waste|http://66.147.244.183/~trashisf/wp-content/uploads/2013/07/IMG_4450-1100x825.jpg|NULL - date|http://trashisfortossers.com/how-to-store-your-leafy-greens-to-help/|Trash is for Tossers|store your vegetables waste food home kitchen shopping|
A Week of Organic Food for Under $40.00|http://66.147.244.183/~trashisf/wp-content/uploads/2013/07/IMG_4412-1100x825.jpg|NULL - date|http://trashisfortossers.com/a-week-of-organic-food-for-under-4000/|Trash is for Tossers|week organic food 40.00 food home kitchen shopping|
Homegrown Food|http://66.147.244.183/~trashisf/wp-content/uploads/2013/06/IMG_3998-1100x825.jpg|NULL - date|http://trashisfortossers.com/where-does-my-food-come-fro/|Trash is for Tossers|homegrown food food home kitchen|
Unclogging Your Drain Naturally|http://66.147.244.183/~trashisf/wp-content/uploads/2013/06/IMG_3774-1100x733.jpg|NULL - date|http://trashisfortossers.com/unclogging-your-drain-naturally/|Trash is for Tossers|unclogging your drain naturally bathroom cleaning home kitchen|
Water On The Go|http://66.147.244.183/~trashisf/wp-content/uploads/2013/06/IMG_3667-1100x733.jpg|NULL - date|http://trashisfortossers.com/water-on-go/|Trash is for Tossers|water go easy changes home individuals|
Composting in a City|http://66.147.244.183/~trashisf/wp-content/uploads/2013/06/IMG_3695-1100x780.jpg|NULL - date|http://trashisfortossers.com/composting-in-city/|Trash is for Tossers|composting city cleaning easy changes food home kitchen|
Zero Waste Shopping: The Essentials.|http://66.147.244.183/~trashisf/wp-content/uploads/2013/06/IMG_3246-1100x734.jpg|NULL - date|http://trashisfortossers.com/zero-waste-shopping-essentials/|Trash is for Tossers|zero waste shopping essentials. easy changes food home kitchen shopping|
Indoor Plants|http://66.147.244.183/~trashisf/wp-content/uploads/2013/06/IMG_3166-1100x734.jpg|NULL - date|http://trashisfortossers.com/making-your-home-greener-literally/|Trash is for Tossers|indoor plants bedroom diy home|
Zero Waste Swaps: Personal Hygiene|http://trashisfortossers.com/wp-content/uploads/2017/10/zero-waste-swaps-featured-image-1280x720.jpg|NULL - date|http://trashisfortossers.com/zero-waste-swaps/|Trash is for Tossers|zero waste swaps personal hygiene bathroom easy changes home toiletries|
DIY Scrub From Old Coffee Grounds|http://trashisfortossers.com/wp-content/uploads/2017/09/Screen-Shot-2017-09-28-at-7.07.05-PM.png|NULL - date|http://trashisfortossers.com/diy-scrub-from-old-coffee-grounds/|Trash is for Tossers|diy scrub old coffee grounds bathroom beauty diy|
How To Have A Zero Waste Period|NULL - image|NULL - date|http://trashisfortossers.com/how-to-have-a-zero-waste-period/|Trash is for Tossers|have zero waste period bathroom bedroom|
Lauren’s Zero Waste Homemade Toothpaste Recipe|http://trashisfortossers.com/wp-content/uploads/2017/04/toothpaste-ingredients-1100x825.jpg|NULL - date|http://trashisfortossers.com/my-zero-waste-homemade-toothpaste-recipe/|Trash is for Tossers|laurens zero waste homemade toothpaste recipe bathroom cleaning toiletries travel|
My Zero Waste Bathroom Essentials|NULL - image|NULL - date|http://trashisfortossers.com/my-zero-waste-bathroom-essentials/|Trash is for Tossers|zero waste bathroom essentials bathroom|
A Zero Waste Solution to Q-Tips|NULL - image|NULL - date|http://trashisfortossers.com/a-zero-waste-q-tips-solution/|Trash is for Tossers|zero waste solution qtips bathroom easy changes toiletries|
My Favorite Zero Waste Toothbrush|NULL - image|NULL - date|http://trashisfortossers.com/what-toothbrushes-are-sustainable-faq/|Trash is for Tossers|favorite zero waste toothbrush bathroom easy changes toiletries|
Zero Waste Deodorant That Actually Works|NULL - image|NULL - date|http://trashisfortossers.com/zero-waste-deodorant/|Trash is for Tossers|zero waste deodorant that actually works bathroom easy changes toiletries|
Contact Lenses|NULL - image|NULL - date|http://trashisfortossers.com/what-to-do-about-contact-lenses/|Trash is for Tossers|contact lenses bathroom toiletries|
The Best Toilet Paper For Living Zero Waste|NULL - image|NULL - date|http://trashisfortossers.com/best-toilet-paper-zero-waste/|Trash is for Tossers|best toilet paper living zero waste bathroom home|
Zero Waste Deodorant|http://66.147.244.183/~trashisf/wp-content/uploads/2015/11/IMG_0578.jpg|NULL - date|http://trashisfortossers.com/diy-zero-waste-deodoran/|Trash is for Tossers|zero waste deodorant bathroom cleaning easy changes toiletries travel|
My 4-Item Beauty Routine|http://66.147.244.183/~trashisf/wp-content/uploads/2015/10/toothpaste1.jpg|NULL - date|http://trashisfortossers.com/my-4-item-beauty-routine/|Trash is for Tossers|4item beauty routine bathroom toiletries|
A Simple Swap for Plastic Toothbrushes|NULL - image|NULL - date|http://trashisfortossers.com/simple-swap-2-plastic-toothbrushes/|Trash is for Tossers|simple swap plastic toothbrushes bathroom easy changes toiletries travel|
One Month of Travel, Zero Waste|http://66.147.244.183/~trashisf/wp-content/uploads/2015/07/IMG_7442.jpg|NULL - date|http://trashisfortossers.com/one-month-of-travel-zero-waste/|Trash is for Tossers|one month travel zero waste bathroom beauty kitchen travel|
5 Easy Beauty DIY’s|http://66.147.244.183/~trashisf/wp-content/uploads/2015/05/IMG_5606.jpg|NULL - date|http://trashisfortossers.com/5-easy-beauty-diys/|Trash is for Tossers|easy beauty diys bathroom toiletries|
Zero Waste Lotion|NULL - image|NULL - date|http://trashisfortossers.com/diy-organic-whipped-body-lotion-bye-bye/|Trash is for Tossers|zero waste lotion bathroom toiletries travel|
Zero Waste Toothpaste|NULL - image|NULL - date|http://trashisfortossers.com/zero-waste-toothpaste-on-youtube/|Trash is for Tossers|zero waste toothpaste bathroom toiletries|
Zero Waste Sex|http://66.147.244.183/~trashisf/wp-content/uploads/2014/09/IMG_6564-1100x733.jpg|NULL - date|http://trashisfortossers.com/turn-me-on/|Trash is for Tossers|zero waste sex bathroom bedroom home|
Cleaning the Toilet Without Waste|http://66.147.244.183/~trashisf/wp-content/uploads/2014/08/IMG_6244-1100x758.jpg|NULL - date|http://trashisfortossers.com/cleaning-toilet-naturally/|Trash is for Tossers|cleaning toilet waste bathroom cleaning home|
Zero Waste Period|http://66.147.244.183/~trashisf/wp-content/uploads/2014/08/Landscape7-1100x728.jpg|NULL - date|http://trashisfortossers.com/lets-talk-menses/|Trash is for Tossers|zero waste period bathroom toiletries travel|
Bamboo Toothbrushes|http://66.147.244.183/~trashisf/wp-content/uploads/2014/07/unnamed.jpg|NULL - date|http://trashisfortossers.com/i-brush-with-bamboo-do-you/|Trash is for Tossers|bamboo toothbrushes bathroom toiletries travel|
Zero Waste Toilet Brush|http://66.147.244.183/~trashisf/wp-content/uploads/2014/07/unnamed-1.jpg|NULL - date|http://trashisfortossers.com/gettin-freaked-at-sight-of/|Trash is for Tossers|zero waste toilet brush bathroom cleaning home|
I Cut My Hair Off|http://66.147.244.183/~trashisf/wp-content/uploads/2014/05/IMG_7317.jpg|NULL - date|http://trashisfortossers.com/i-cut-my-hair-off/|Trash is for Tossers|i cut hair bathroom|
Why I Became a Diva Cup Diva|NULL - image|NULL - date|http://trashisfortossers.com/guest-post-from-katherine-kartis-why-i/|Trash is for Tossers|why i became diva cup diva bathroom toiletries travel|
Zero Waste Toothpaste|http://66.147.244.183/~trashisf/wp-content/uploads/2013/10/IMG_5598.jpg|NULL - date|http://trashisfortossers.com/zero-waste-toothpaste-2/|Trash is for Tossers|zero waste toothpaste bathroom cleaning toiletries|
Zero Waste Dental Hygiene|http://66.147.244.183/~trashisf/wp-content/uploads/2013/09/IMG_5469.jpg|NULL - date|http://trashisfortossers.com/clean-teeth-dirty-plane/|Trash is for Tossers|zero waste dental hygiene bathroom cleaning toiletries travel|
Zero Waste Shaving|http://66.147.244.183/~trashisf/wp-content/uploads/2013/08/RazorLazer.jpg|NULL - date|http://trashisfortossers.com/zero-waste-shaving/|Trash is for Tossers|zero waste shaving bathroom|
Unclogging Your Drain Naturally|http://66.147.244.183/~trashisf/wp-content/uploads/2013/06/IMG_3774-1100x733.jpg|NULL - date|http://trashisfortossers.com/unclogging-your-drain-naturally/|Trash is for Tossers|unclogging your drain naturally bathroom cleaning home kitchen|
Zero Waste Swaps: Common Kitchen Items|http://trashisfortossers.com/wp-content/uploads/2018/01/kitchen-swaps-1100x611.jpg|NULL - date|http://trashisfortossers.com/zero-waste-swaps-common-kitchen-items/|Trash is for Tossers|zero waste swaps common kitchen items easy changes kitchen|
Zero Waste Gifts For Your Foodie Friend|http://trashisfortossers.com/wp-content/uploads/2017/11/foodie-friend-cover-image.jpg|NULL - date|http://trashisfortossers.com/zero-waste-gifts-for-your-foodie-friend/|Trash is for Tossers|zero waste gifts your foodie friend kitchen shopping|
The Case for Homemade Coffee|http://trashisfortossers.com/wp-content/uploads/2017/10/lauren-singer-trash-is-for-tossers-zero-waste-coffee-1100x733.jpg|NULL - date|http://trashisfortossers.com/the-case-for-homemade-coffee/|Trash is for Tossers|case homemade coffee easy changes kitchen|
How To Pack A Zero Waste Lunch|http://trashisfortossers.com/wp-content/uploads/2017/06/how-to-pack-a-zero-waste-lunch.jpg|NULL - date|http://trashisfortossers.com/how-to-pack-a-zero-waste-lunch/|Trash is for Tossers|pack zero waste lunch food kitchen office shopping travel|
How to Shop at the Farmers Market Without Producing Waste|NULL - image|NULL - date|http://trashisfortossers.com/how-to-shop-at-farmers-market-withou/|Trash is for Tossers|shop farmers market producing waste food kitchen shopping travel|
Turn a Napkin Into a Reusable Bag in Seconds|NULL - image|NULL - date|http://trashisfortossers.com/turning-napkin-into-reusable-bag/|Trash is for Tossers|turn napkin reusable bag seconds easy changes kitchen office travel|
How to Tare a Jar and Shop Waste Free|NULL - image|NULL - date|http://trashisfortossers.com/how-to-tare-jar-and-shop-waste-free/|Trash is for Tossers|tare jar shop waste free easy changes food kitchen shopping travel|
A Simple Swap for Plastic Water Bottles|NULL - image|NULL - date|http://trashisfortossers.com/simple-swap-plastic-water-bottles/|Trash is for Tossers|simple swap plastic water bottles easy changes home kitchen office shopping toiletries travel|
One Month of Travel, Zero Waste|http://66.147.244.183/~trashisf/wp-content/uploads/2015/07/IMG_7442.jpg|NULL - date|http://trashisfortossers.com/one-month-of-travel-zero-waste/|Trash is for Tossers|one month travel zero waste bathroom beauty kitchen travel|
DIY Blender|http://66.147.244.183/~trashisf/wp-content/uploads/2014/04/IMG_6035-1100x733.jpg|NULL - date|http://trashisfortossers.com/mason-jar-blender-zero-waste/|Trash is for Tossers|diy blender kitchen|
Coconut Butter|http://66.147.244.183/~trashisf/wp-content/uploads/2014/03/photo-5-1100x1100.jpg|NULL - date|http://trashisfortossers.com/recipe-coconut-butter/|Trash is for Tossers|coconut butter food kitchen|
Zero Waste Lunches at Work|http://66.147.244.183/~trashisf/wp-content/uploads/2014/03/Screen-Shot-2014-03-02-at-2.37.31-PM.png|NULL - date|http://trashisfortossers.com/zero-waste-lunches-at-work/|Trash is for Tossers|zero waste lunches work food kitchen office travel|
Why I Let my Fridge go Bare|http://66.147.244.183/~trashisf/wp-content/uploads/2014/02/photo-1-1100x1100.jpg|NULL - date|http://trashisfortossers.com/why-i-let-my-fridge-go-bare/|Trash is for Tossers|why i let fridge go bare food home kitchen shopping|
Storing Leftovers Without Waste|http://66.147.244.183/~trashisf/wp-content/uploads/2013/11/photo-4.jpg|NULL - date|http://trashisfortossers.com/storing-leftovers-waste-free/|Trash is for Tossers|storing leftovers waste food home kitchen travel|
Zero Waste Coffee|http://66.147.244.183/~trashisf/wp-content/uploads/2013/10/coffee_fixed.jpg|NULL - date|http://trashisfortossers.com/skip-cafe-make-your-coffee-at-home/|Trash is for Tossers|zero waste coffee food kitchen office travel|
Zero Waste Pasta Recipe|http://66.147.244.183/~trashisf/wp-content/uploads/2013/10/photo-2.jpg|NULL - date|http://trashisfortossers.com/i-made-pasta-you-can-too/|Trash is for Tossers|zero waste pasta recipe food kitchen|
28 Ways to Upcycle a Twist Tie|http://66.147.244.183/~trashisf/wp-content/uploads/2013/10/IMG_5553.jpg|NULL - date|http://trashisfortossers.com/28-ways-to-upcycle-twist-tie/|Trash is for Tossers|ways upcycle twist tie kitchen|
Zero Waste No Bake Energy Bars|http://66.147.244.183/~trashisf/wp-content/uploads/2013/09/IMG_5433.jpg|NULL - date|http://trashisfortossers.com/no-bake-energy-bars/|Trash is for Tossers|zero waste bake energy bars food kitchen|
Zero Waste Food Shopping|http://66.147.244.183/~trashisf/wp-content/uploads/2013/08/IMG_5162.jpg|NULL - date|http://trashisfortossers.com/zero-waste-food-shopping/|Trash is for Tossers|zero waste food shopping food kitchen shopping|
How to Store Vegetables So They Last Longer|http://66.147.244.183/~trashisf/wp-content/uploads/2013/08/IMG_5218.jpg|NULL - date|http://trashisfortossers.com/how-to-store-vegetables-so-they-las/|Trash is for Tossers|store vegetables so they last longer food kitchen|
The BEST Zero Waste Granola Recipe|http://66.147.244.183/~trashisf/wp-content/uploads/2013/08/IMG_4789.jpg|NULL - date|http://trashisfortossers.com/summer-granola-winter-spices/|Trash is for Tossers|best zero waste granola recipe food kitchen|
Why You Should ALWAYS drink Organic Wine|http://66.147.244.183/~trashisf/wp-content/uploads/2013/07/IMG_5919.jpg|NULL - date|http://trashisfortossers.com/the-scary-truth-about-wine/|Trash is for Tossers|why you should always drink organic wine food home kitchen|
How to Store Your Vegetables Without Waste|http://66.147.244.183/~trashisf/wp-content/uploads/2013/07/IMG_4450-1100x825.jpg|NULL - date|http://trashisfortossers.com/how-to-store-your-leafy-greens-to-help/|Trash is for Tossers|store your vegetables waste food home kitchen shopping|
A Week of Organic Food for Under $40.00|http://66.147.244.183/~trashisf/wp-content/uploads/2013/07/IMG_4412-1100x825.jpg|NULL - date|http://trashisfortossers.com/a-week-of-organic-food-for-under-4000/|Trash is for Tossers|week organic food 40.00 food home kitchen shopping|
Homegrown Food|http://66.147.244.183/~trashisf/wp-content/uploads/2013/06/IMG_3998-1100x825.jpg|NULL - date|http://trashisfortossers.com/where-does-my-food-come-fro/|Trash is for Tossers|homegrown food food home kitchen|
Unclogging Your Drain Naturally|http://66.147.244.183/~trashisf/wp-content/uploads/2013/06/IMG_3774-1100x733.jpg|NULL - date|http://trashisfortossers.com/unclogging-your-drain-naturally/|Trash is for Tossers|unclogging your drain naturally bathroom cleaning home kitchen|
Zero Waste Takeout|http://66.147.244.183/~trashisf/wp-content/uploads/2013/06/photo-2-1100x825.jpg|NULL - date|http://trashisfortossers.com/take-out-zero-waste-style/|Trash is for Tossers|zero waste takeout food kitchen office travel|
Composting in a City|http://66.147.244.183/~trashisf/wp-content/uploads/2013/06/IMG_3695-1100x780.jpg|NULL - date|http://trashisfortossers.com/composting-in-city/|Trash is for Tossers|composting city cleaning easy changes food home kitchen|
Cold Brew Coffee|http://66.147.244.183/~trashisf/wp-content/uploads/2013/06/IMG_3545-1100x733.jpg|NULL - date|http://trashisfortossers.com/cold-brewed-iced-coffee/|Trash is for Tossers|cold brew coffee food kitchen|
Cleaning Cast Iron|http://66.147.244.183/~trashisf/wp-content/uploads/2013/06/IMG_3434-1100x733.jpg|NULL - date|http://trashisfortossers.com/cleaning-your-cast-iron-cookware/|Trash is for Tossers|cleaning cast iron cleaning kitchen|
Baking Bread|http://66.147.244.183/~trashisf/wp-content/uploads/2013/06/IMG_3320-1100x733.jpg|NULL - date|http://trashisfortossers.com/live-laugh-loaf/|Trash is for Tossers|baking bread diy food kitchen|
Zero Waste Shopping: The Essentials.|http://66.147.244.183/~trashisf/wp-content/uploads/2013/06/IMG_3246-1100x734.jpg|NULL - date|http://trashisfortossers.com/zero-waste-shopping-essentials/|Trash is for Tossers|zero waste shopping essentials. easy changes food home kitchen shopping|
Zero Waste To-Go Cup|http://66.147.244.183/~trashisf/wp-content/uploads/2013/06/IMG_3133-1100x734.jpg|NULL - date|http://trashisfortossers.com/everyone-needs-ecojar/|Trash is for Tossers|zero waste togo cup kitchen shopping|
The Food I Eat|http://66.147.244.183/~trashisf/wp-content/uploads/2013/04/photo-1.jpg|NULL - date|http://trashisfortossers.com/the-food-i-ea/|Trash is for Tossers|food i eat kitchen|
My 3 Ingredient Homemade Nontoxic Cleaner|http://trashisfortossers.com/wp-content/uploads/2013/10/non-toxic-homemade-all-purpose-cleaner-1100x611.jpg|NULL - date|http://trashisfortossers.com/3-ingredient-homemade-nontoxic-cleaner/|Trash is for Tossers|ingredient homemade nontoxic cleaner cleaning|
A Zero Waste Alternative To Dry Cleaning|http://trashisfortossers.com/wp-content/uploads/2016/04/zw-dry-cleaning.jpg|NULL - date|http://trashisfortossers.com/zero-waste-alternative-to-dry-cleaning/|Trash is for Tossers|zero waste alternative dry cleaning cleaning wardrobe|
Lauren’s Zero Waste Homemade Toothpaste Recipe|http://trashisfortossers.com/wp-content/uploads/2017/04/toothpaste-ingredients-1100x825.jpg|NULL - date|http://trashisfortossers.com/my-zero-waste-homemade-toothpaste-recipe/|Trash is for Tossers|laurens zero waste homemade toothpaste recipe bathroom cleaning toiletries travel|
Zero Waste Deodorant|http://66.147.244.183/~trashisf/wp-content/uploads/2015/11/IMG_0578.jpg|NULL - date|http://trashisfortossers.com/diy-zero-waste-deodoran/|Trash is for Tossers|zero waste deodorant bathroom cleaning easy changes toiletries travel|
Cleaning the Toilet Without Waste|http://66.147.244.183/~trashisf/wp-content/uploads/2014/08/IMG_6244-1100x758.jpg|NULL - date|http://trashisfortossers.com/cleaning-toilet-naturally/|Trash is for Tossers|cleaning toilet waste bathroom cleaning home|
Zero Waste Toilet Brush|http://66.147.244.183/~trashisf/wp-content/uploads/2014/07/unnamed-1.jpg|NULL - date|http://trashisfortossers.com/gettin-freaked-at-sight-of/|Trash is for Tossers|zero waste toilet brush bathroom cleaning home|
Zero Waste Toothpaste|http://66.147.244.183/~trashisf/wp-content/uploads/2013/10/IMG_5598.jpg|NULL - date|http://trashisfortossers.com/zero-waste-toothpaste-2/|Trash is for Tossers|zero waste toothpaste bathroom cleaning toiletries|
Zero Waste Dental Hygiene|http://66.147.244.183/~trashisf/wp-content/uploads/2013/09/IMG_5469.jpg|NULL - date|http://trashisfortossers.com/clean-teeth-dirty-plane/|Trash is for Tossers|zero waste dental hygiene bathroom cleaning toiletries travel|
Unclogging Your Drain Naturally|http://66.147.244.183/~trashisf/wp-content/uploads/2013/06/IMG_3774-1100x733.jpg|NULL - date|http://trashisfortossers.com/unclogging-your-drain-naturally/|Trash is for Tossers|unclogging your drain naturally bathroom cleaning home kitchen|
Composting in a City|http://66.147.244.183/~trashisf/wp-content/uploads/2013/06/IMG_3695-1100x780.jpg|NULL - date|http://trashisfortossers.com/composting-in-city/|Trash is for Tossers|composting city cleaning easy changes food home kitchen|
Cleaning Cast Iron|http://66.147.244.183/~trashisf/wp-content/uploads/2013/06/IMG_3434-1100x733.jpg|NULL - date|http://trashisfortossers.com/cleaning-your-cast-iron-cookware/|Trash is for Tossers|cleaning cast iron cleaning kitchen|
Zero Waste Holidays: Cooking and Eating|http://trashisfortossers.com/wp-content/uploads/2017/11/ingredients-1100x733.jpg|NULL - date|http://trashisfortossers.com/zero-waste-holidays-cooking-and-eating/|Trash is for Tossers|zero waste holidays cooking eating entertaining food shopping|
What The Heck Do You Do With Butternut Squash? Make This Delicious Spread!|http://trashisfortossers.com/wp-content/uploads/2017/11/final-dish-2-e1510151981104-1100x733.jpg|NULL - date|http://trashisfortossers.com/delicious-butternut-squash-spread/|Trash is for Tossers|what heck do you do butternut squash make this delicious spread entertaining food|
Why Requesting “No Straw” is F*cking Awesome|http://trashisfortossers.com/wp-content/uploads/2017/11/cheers-no-more-plastic-straws-trash-is-for-tossers-1100x733.jpg|NULL - date|http://trashisfortossers.com/why-requesting-no-straw-is-awesome/|Trash is for Tossers|why requesting straw is fcking awesome easy changes food restaurants|
How To Pack A Zero Waste Lunch|http://trashisfortossers.com/wp-content/uploads/2017/06/how-to-pack-a-zero-waste-lunch.jpg|NULL - date|http://trashisfortossers.com/how-to-pack-a-zero-waste-lunch/|Trash is for Tossers|pack zero waste lunch food kitchen office shopping travel|
How To Make Your Coffee Order Zero Waste|NULL - image|NULL - date|http://trashisfortossers.com/how-to-make-your-coffee-order-zero-waste/|Trash is for Tossers|make your coffee order zero waste easy changes food office shopping travel|
Zero Waste Shopping: A How To Guide|NULL - image|NULL - date|http://trashisfortossers.com/zero-waste-shopping-how-to-guide/|Trash is for Tossers|zero waste shopping guide easy changes food shopping toiletries|
How to Shop at the Farmers Market Without Producing Waste|NULL - image|NULL - date|http://trashisfortossers.com/how-to-shop-at-farmers-market-withou/|Trash is for Tossers|shop farmers market producing waste food kitchen shopping travel|
How to Tare a Jar and Shop Waste Free|NULL - image|NULL - date|http://trashisfortossers.com/how-to-tare-jar-and-shop-waste-free/|Trash is for Tossers|tare jar shop waste free easy changes food kitchen shopping travel|
Plastic Bags|NULL - image|NULL - date|http://trashisfortossers.com/simple-swap-plastic-bags/|Trash is for Tossers|plastic bags easy changes food home shopping travel|
Zero Waste Picnic|http://66.147.244.183/~trashisf/wp-content/uploads/2014/08/IMG_6200-1100x733.jpg|NULL - date|http://trashisfortossers.com/hosting-zero-waste-picnic/|Trash is for Tossers|zero waste picnic food home|
Coconut Butter|http://66.147.244.183/~trashisf/wp-content/uploads/2014/03/photo-5-1100x1100.jpg|NULL - date|http://trashisfortossers.com/recipe-coconut-butter/|Trash is for Tossers|coconut butter food kitchen|
Zero Waste Lunches at Work|http://66.147.244.183/~trashisf/wp-content/uploads/2014/03/Screen-Shot-2014-03-02-at-2.37.31-PM.png|NULL - date|http://trashisfortossers.com/zero-waste-lunches-at-work/|Trash is for Tossers|zero waste lunches work food kitchen office travel|
Why I Let my Fridge go Bare|http://66.147.244.183/~trashisf/wp-content/uploads/2014/02/photo-1-1100x1100.jpg|NULL - date|http://trashisfortossers.com/why-i-let-my-fridge-go-bare/|Trash is for Tossers|why i let fridge go bare food home kitchen shopping|
Hosting a Zero Waste Dinner Party|http://66.147.244.183/~trashisf/wp-content/uploads/2014/01/IMG_5928-1100x733.jpg|NULL - date|http://trashisfortossers.com/hosting-zero-waste-dinner-party/|Trash is for Tossers|hosting zero waste dinner party food home|
Storing Leftovers Without Waste|http://66.147.244.183/~trashisf/wp-content/uploads/2013/11/photo-4.jpg|NULL - date|http://trashisfortossers.com/storing-leftovers-waste-free/|Trash is for Tossers|storing leftovers waste food home kitchen travel|
Zero Waste Coffee|http://66.147.244.183/~trashisf/wp-content/uploads/2013/10/coffee_fixed.jpg|NULL - date|http://trashisfortossers.com/skip-cafe-make-your-coffee-at-home/|Trash is for Tossers|zero waste coffee food kitchen office travel|
Zero Waste Pasta Recipe|http://66.147.244.183/~trashisf/wp-content/uploads/2013/10/photo-2.jpg|NULL - date|http://trashisfortossers.com/i-made-pasta-you-can-too/|Trash is for Tossers|zero waste pasta recipe food kitchen|
Zero Waste No Bake Energy Bars|http://66.147.244.183/~trashisf/wp-content/uploads/2013/09/IMG_5433.jpg|NULL - date|http://trashisfortossers.com/no-bake-energy-bars/|Trash is for Tossers|zero waste bake energy bars food kitchen|
Zero Waste Food Shopping|http://66.147.244.183/~trashisf/wp-content/uploads/2013/08/IMG_5162.jpg|NULL - date|http://trashisfortossers.com/zero-waste-food-shopping/|Trash is for Tossers|zero waste food shopping food kitchen shopping|
How to Store Vegetables So They Last Longer|http://66.147.244.183/~trashisf/wp-content/uploads/2013/08/IMG_5218.jpg|NULL - date|http://trashisfortossers.com/how-to-store-vegetables-so-they-las/|Trash is for Tossers|store vegetables so they last longer food kitchen|
The BEST Zero Waste Granola Recipe|http://66.147.244.183/~trashisf/wp-content/uploads/2013/08/IMG_4789.jpg|NULL - date|http://trashisfortossers.com/summer-granola-winter-spices/|Trash is for Tossers|best zero waste granola recipe food kitchen|
Why You Should ALWAYS drink Organic Wine|http://66.147.244.183/~trashisf/wp-content/uploads/2013/07/IMG_5919.jpg|NULL - date|http://trashisfortossers.com/the-scary-truth-about-wine/|Trash is for Tossers|why you should always drink organic wine food home kitchen|
The Healing Properties of Plants|http://66.147.244.183/~trashisf/wp-content/uploads/2013/07/IMG_5835.jpg|NULL - date|http://trashisfortossers.com/the-healing-properties-of-plants/|Trash is for Tossers|healing properties plants food home|
Eating a Balanced Diet|http://66.147.244.183/~trashisf/wp-content/uploads/2013/07/IMG_5809.jpg|NULL - date|http://trashisfortossers.com/eating-balanced-die/|Trash is for Tossers|eating balanced diet food|
Wild Wineberries|http://66.147.244.183/~trashisf/wp-content/uploads/2013/07/IMG_5172-1100x1100.jpg|NULL - date|http://trashisfortossers.com/my-type-of-street-food/|Trash is for Tossers|wild wineberries food home|
Edible Plants|http://66.147.244.183/~trashisf/wp-content/uploads/2013/07/IMG_4288-1100x733.jpg|NULL - date|http://trashisfortossers.com/have-park-will-eat-edible-plant-tour-of/|Trash is for Tossers|edible plants food|
How to Store Your Vegetables Without Waste|http://66.147.244.183/~trashisf/wp-content/uploads/2013/07/IMG_4450-1100x825.jpg|NULL - date|http://trashisfortossers.com/how-to-store-your-leafy-greens-to-help/|Trash is for Tossers|store your vegetables waste food home kitchen shopping|
A Week of Organic Food for Under $40.00|http://66.147.244.183/~trashisf/wp-content/uploads/2013/07/IMG_4412-1100x825.jpg|NULL - date|http://trashisfortossers.com/a-week-of-organic-food-for-under-4000/|Trash is for Tossers|week organic food 40.00 food home kitchen shopping|
Homegrown Food|http://66.147.244.183/~trashisf/wp-content/uploads/2013/06/IMG_3998-1100x825.jpg|NULL - date|http://trashisfortossers.com/where-does-my-food-come-fro/|Trash is for Tossers|homegrown food food home kitchen|
Zero Waste Takeout|http://66.147.244.183/~trashisf/wp-content/uploads/2013/06/photo-2-1100x825.jpg|NULL - date|http://trashisfortossers.com/take-out-zero-waste-style/|Trash is for Tossers|zero waste takeout food kitchen office travel|
Composting in a City|http://66.147.244.183/~trashisf/wp-content/uploads/2013/06/IMG_3695-1100x780.jpg|NULL - date|http://trashisfortossers.com/composting-in-city/|Trash is for Tossers|composting city cleaning easy changes food home kitchen|
Cold Brew Coffee|http://66.147.244.183/~trashisf/wp-content/uploads/2013/06/IMG_3545-1100x733.jpg|NULL - date|http://trashisfortossers.com/cold-brewed-iced-coffee/|Trash is for Tossers|cold brew coffee food kitchen|
Baking Bread|http://66.147.244.183/~trashisf/wp-content/uploads/2013/06/IMG_3320-1100x733.jpg|NULL - date|http://trashisfortossers.com/live-laugh-loaf/|Trash is for Tossers|baking bread diy food kitchen|
Zero Waste Shopping: The Essentials.|http://66.147.244.183/~trashisf/wp-content/uploads/2013/06/IMG_3246-1100x734.jpg|NULL - date|http://trashisfortossers.com/zero-waste-shopping-essentials/|Trash is for Tossers|zero waste shopping essentials. easy changes food home kitchen shopping|
Zero Waste Swaps: Personal Hygiene|http://trashisfortossers.com/wp-content/uploads/2017/10/zero-waste-swaps-featured-image-1280x720.jpg|NULL - date|http://trashisfortossers.com/zero-waste-swaps/|Trash is for Tossers|zero waste swaps personal hygiene bathroom easy changes home toiletries|
Lauren’s Zero Waste Homemade Toothpaste Recipe|http://trashisfortossers.com/wp-content/uploads/2017/04/toothpaste-ingredients-1100x825.jpg|NULL - date|http://trashisfortossers.com/my-zero-waste-homemade-toothpaste-recipe/|Trash is for Tossers|laurens zero waste homemade toothpaste recipe bathroom cleaning toiletries travel|
Zero Waste Shopping: A How To Guide|NULL - image|NULL - date|http://trashisfortossers.com/zero-waste-shopping-how-to-guide/|Trash is for Tossers|zero waste shopping guide easy changes food shopping toiletries|
A Zero Waste Solution to Q-Tips|NULL - image|NULL - date|http://trashisfortossers.com/a-zero-waste-q-tips-solution/|Trash is for Tossers|zero waste solution qtips bathroom easy changes toiletries|
My Favorite Zero Waste Toothbrush|NULL - image|NULL - date|http://trashisfortossers.com/what-toothbrushes-are-sustainable-faq/|Trash is for Tossers|favorite zero waste toothbrush bathroom easy changes toiletries|
Zero Waste Deodorant That Actually Works|NULL - image|NULL - date|http://trashisfortossers.com/zero-waste-deodorant/|Trash is for Tossers|zero waste deodorant that actually works bathroom easy changes toiletries|
Contact Lenses|NULL - image|NULL - date|http://trashisfortossers.com/what-to-do-about-contact-lenses/|Trash is for Tossers|contact lenses bathroom toiletries|
Zero Waste Deodorant|http://66.147.244.183/~trashisf/wp-content/uploads/2015/11/IMG_0578.jpg|NULL - date|http://trashisfortossers.com/diy-zero-waste-deodoran/|Trash is for Tossers|zero waste deodorant bathroom cleaning easy changes toiletries travel|
My 4-Item Beauty Routine|http://66.147.244.183/~trashisf/wp-content/uploads/2015/10/toothpaste1.jpg|NULL - date|http://trashisfortossers.com/my-4-item-beauty-routine/|Trash is for Tossers|4item beauty routine bathroom toiletries|
A Simple Swap for Plastic Water Bottles|NULL - image|NULL - date|http://trashisfortossers.com/simple-swap-plastic-water-bottles/|Trash is for Tossers|simple swap plastic water bottles easy changes home kitchen office shopping toiletries travel|
A Simple Swap for Plastic Toothbrushes|NULL - image|NULL - date|http://trashisfortossers.com/simple-swap-2-plastic-toothbrushes/|Trash is for Tossers|simple swap plastic toothbrushes bathroom easy changes toiletries travel|
5 Easy Beauty DIY’s|http://66.147.244.183/~trashisf/wp-content/uploads/2015/05/IMG_5606.jpg|NULL - date|http://trashisfortossers.com/5-easy-beauty-diys/|Trash is for Tossers|easy beauty diys bathroom toiletries|
Zero Waste Lotion|NULL - image|NULL - date|http://trashisfortossers.com/diy-organic-whipped-body-lotion-bye-bye/|Trash is for Tossers|zero waste lotion bathroom toiletries travel|
Zero Waste Toothpaste|NULL - image|NULL - date|http://trashisfortossers.com/zero-waste-toothpaste-on-youtube/|Trash is for Tossers|zero waste toothpaste bathroom toiletries|
Zero Waste Period|http://66.147.244.183/~trashisf/wp-content/uploads/2014/08/Landscape7-1100x728.jpg|NULL - date|http://trashisfortossers.com/lets-talk-menses/|Trash is for Tossers|zero waste period bathroom toiletries travel|
Bamboo Toothbrushes|http://66.147.244.183/~trashisf/wp-content/uploads/2014/07/unnamed.jpg|NULL - date|http://trashisfortossers.com/i-brush-with-bamboo-do-you/|Trash is for Tossers|bamboo toothbrushes bathroom toiletries travel|
Why I Became a Diva Cup Diva|NULL - image|NULL - date|http://trashisfortossers.com/guest-post-from-katherine-kartis-why-i/|Trash is for Tossers|why i became diva cup diva bathroom toiletries travel|
Zero Waste Travel Kit|http://66.147.244.183/~trashisf/wp-content/uploads/2013/11/tiftzerowastepackingkit.jpg|NULL - date|http://trashisfortossers.com/zero-waste-travel-ki/|Trash is for Tossers|zero waste travel kit toiletries travel|
Zero Waste Toothpaste|http://66.147.244.183/~trashisf/wp-content/uploads/2013/10/IMG_5598.jpg|NULL - date|http://trashisfortossers.com/zero-waste-toothpaste-2/|Trash is for Tossers|zero waste toothpaste bathroom cleaning toiletries|
Zero Waste Dental Hygiene|http://66.147.244.183/~trashisf/wp-content/uploads/2013/09/IMG_5469.jpg|NULL - date|http://trashisfortossers.com/clean-teeth-dirty-plane/|Trash is for Tossers|zero waste dental hygiene bathroom cleaning toiletries travel|
How To Travel Without Waste: Tips For The Eco-conscious Traveler|http://trashisfortossers.com/wp-content/uploads/2017/12/packing-essentials-cover-photo-1100x610.jpg|NULL - date|http://trashisfortossers.com/how-to-travel-without-waste-tips-for-the-eco-conscious-traveler/|Trash is for Tossers|travel waste tips ecoconscious traveler travel|
Sustainable Gift Ideas For The Traveler in Your Life|http://trashisfortossers.com/wp-content/uploads/2017/11/zero-waste-traveler-1100x611.jpg|NULL - date|http://trashisfortossers.com/sustainable-gift-ideas-for-the-traveler/|Trash is for Tossers|sustainable gift ideas traveler your life shopping travel|
Zero Waste Bachelorette Party|http://trashisfortossers.com/wp-content/uploads/2017/07/IMG_4521.jpg|NULL - date|http://trashisfortossers.com/zero-waste-bachelorette-party/|Trash is for Tossers|zero waste bachelorette party easy changes shopping travel|
How To Pack A Zero Waste Lunch|http://trashisfortossers.com/wp-content/uploads/2017/06/how-to-pack-a-zero-waste-lunch.jpg|NULL - date|http://trashisfortossers.com/how-to-pack-a-zero-waste-lunch/|Trash is for Tossers|pack zero waste lunch food kitchen office shopping travel|
Lauren’s Zero Waste Homemade Toothpaste Recipe|http://trashisfortossers.com/wp-content/uploads/2017/04/toothpaste-ingredients-1100x825.jpg|NULL - date|http://trashisfortossers.com/my-zero-waste-homemade-toothpaste-recipe/|Trash is for Tossers|laurens zero waste homemade toothpaste recipe bathroom cleaning toiletries travel|
How To Make Your Coffee Order Zero Waste|NULL - image|NULL - date|http://trashisfortossers.com/how-to-make-your-coffee-order-zero-waste/|Trash is for Tossers|make your coffee order zero waste easy changes food office shopping travel|
How to Compost Anywhere|NULL - image|NULL - date|http://trashisfortossers.com/how-to-compost-anywhere/|Trash is for Tossers|compost anywhere easy changes travel|
How to Shop at the Farmers Market Without Producing Waste|NULL - image|NULL - date|http://trashisfortossers.com/how-to-shop-at-farmers-market-withou/|Trash is for Tossers|shop farmers market producing waste food kitchen shopping travel|
Documentaries That Changed My Life|http://66.147.244.183/~trashisf/wp-content/uploads/2016/05/51chghUEdSL._SY300_.jpg|NULL - date|http://trashisfortossers.com/documentaries-that-changed-my-life/|Trash is for Tossers|documentaries that changed life easy changes home travel|
My Ultimate Reading List|http://ecx.images-amazon.com/images/I/51KRmbqxakL._SX331_BO1,204,203,200_.jpg|NULL - date|http://trashisfortossers.com/my-ultimate-reading-lis/|Trash is for Tossers|ultimate reading list easy changes office travel|
Turn a Napkin Into a Reusable Bag in Seconds|NULL - image|NULL - date|http://trashisfortossers.com/turning-napkin-into-reusable-bag/|Trash is for Tossers|turn napkin reusable bag seconds easy changes kitchen office travel|
Zero Waste Deodorant|http://66.147.244.183/~trashisf/wp-content/uploads/2015/11/IMG_0578.jpg|NULL - date|http://trashisfortossers.com/diy-zero-waste-deodoran/|Trash is for Tossers|zero waste deodorant bathroom cleaning easy changes toiletries travel|
How to Tare a Jar and Shop Waste Free|NULL - image|NULL - date|http://trashisfortossers.com/how-to-tare-jar-and-shop-waste-free/|Trash is for Tossers|tare jar shop waste free easy changes food kitchen shopping travel|
A Simple Swap for Plastic Water Bottles|NULL - image|NULL - date|http://trashisfortossers.com/simple-swap-plastic-water-bottles/|Trash is for Tossers|simple swap plastic water bottles easy changes home kitchen office shopping toiletries travel|
A Simple Swap for Plastic Toothbrushes|NULL - image|NULL - date|http://trashisfortossers.com/simple-swap-2-plastic-toothbrushes/|Trash is for Tossers|simple swap plastic toothbrushes bathroom easy changes toiletries travel|
Days 5-10: Yellowstone National Park|http://66.147.244.183/~trashisf/wp-content/uploads/2015/07/IMG_4561.jpg|NULL - date|http://trashisfortossers.com/days-5-10-yellowstone-national-park/|Trash is for Tossers|days yellowstone national park travel|
Day 4: Chicago|http://66.147.244.183/~trashisf/wp-content/uploads/2015/07/IMG_7554.jpg|NULL - date|http://trashisfortossers.com/day-4-chicago/|Trash is for Tossers|chicago travel|
Day 3: Grand Rapids Michigan|http://66.147.244.183/~trashisf/wp-content/uploads/2015/07/photo2.jpg|NULL - date|http://trashisfortossers.com/day-3-grand-rapids-michigan/|Trash is for Tossers|grand rapids michigan travel|
Plastic Bags|NULL - image|NULL - date|http://trashisfortossers.com/simple-swap-plastic-bags/|Trash is for Tossers|plastic bags easy changes food home shopping travel|
Day 2: Grand Rapids Michigan|http://66.147.244.183/~trashisf/wp-content/uploads/2015/07/ClothesforRoadtrip-1.png|NULL - date|http://trashisfortossers.com/day-2-grand-rapids-michigan/|Trash is for Tossers|grand rapids michigan categories travel|
Day 1: Upstate New York|http://66.147.244.183/~trashisf/wp-content/uploads/2015/07/IMG_4105.jpg|NULL - date|http://trashisfortossers.com/day-1-upstate-new-york/|Trash is for Tossers|upstate new york travel|
One Month of Travel, Zero Waste|http://66.147.244.183/~trashisf/wp-content/uploads/2015/07/IMG_7442.jpg|NULL - date|http://trashisfortossers.com/one-month-of-travel-zero-waste/|Trash is for Tossers|one month travel zero waste bathroom beauty kitchen travel|
My Firsthand Look at Plastic Pollution on Expedition with 5 Gyres|http://66.147.244.183/~trashisf/wp-content/uploads/2015/06/IMG_7349.jpg|NULL - date|http://trashisfortossers.com/my-firsthand-look-at-plastic-pollution/|Trash is for Tossers|firsthand look plastic pollution expedition gyres travel|
I’m Heading Off The Grid!|NULL - image|NULL - date|http://trashisfortossers.com/im-heading-off-grid/|Trash is for Tossers|im heading grid travel|
Zero Waste Lotion|NULL - image|NULL - date|http://trashisfortossers.com/diy-organic-whipped-body-lotion-bye-bye/|Trash is for Tossers|zero waste lotion bathroom toiletries travel|
How to be Zero Waste at Music Festivals|http://66.147.244.183/~trashisf/wp-content/uploads/2015/04/photo1-1100x1100.jpg|NULL - date|http://trashisfortossers.com/how-to-be-zero-waste-at-music-festivals/|Trash is for Tossers|be zero waste music festivals travel|
Zero Waste Period|http://66.147.244.183/~trashisf/wp-content/uploads/2014/08/Landscape7-1100x728.jpg|NULL - date|http://trashisfortossers.com/lets-talk-menses/|Trash is for Tossers|zero waste period bathroom toiletries travel|
Bamboo Toothbrushes|http://66.147.244.183/~trashisf/wp-content/uploads/2014/07/unnamed.jpg|NULL - date|http://trashisfortossers.com/i-brush-with-bamboo-do-you/|Trash is for Tossers|bamboo toothbrushes bathroom toiletries travel|
Zero Waste Moving|http://66.147.244.183/~trashisf/wp-content/uploads/2014/06/Untitled3.png|NULL - date|http://trashisfortossers.com/i-had-emotional-breakdown/|Trash is for Tossers|zero waste moving home travel|
When Did Everything Start Becoming Stuff?|http://66.147.244.183/~trashisf/wp-content/uploads/2014/06/IMG_8827-1100x825.jpg|NULL - date|http://trashisfortossers.com/when-did-everything-start-becoming-stuff/|Trash is for Tossers|when did everything start becoming stuff travel|
Zero Waste Travel in Europe|http://66.147.244.183/~trashisf/wp-content/uploads/2014/04/IMG_3683_2-1100x1467.jpg|NULL - date|http://trashisfortossers.com/i-chilled-with-europe-for-11-days-and/|Trash is for Tossers|zero waste travel europe travel|
Eleven Days of Travel, Zero Waste|http://66.147.244.183/~trashisf/wp-content/uploads/2014/04/unnamed-9.jpg|NULL - date|http://trashisfortossers.com/eleven-days-of-travel-zero-waste/|Trash is for Tossers|eleven days travel zero waste travel|
Why I Became a Diva Cup Diva|NULL - image|NULL - date|http://trashisfortossers.com/guest-post-from-katherine-kartis-why-i/|Trash is for Tossers|why i became diva cup diva bathroom toiletries travel|
Zero Waste Lunches at Work|http://66.147.244.183/~trashisf/wp-content/uploads/2014/03/Screen-Shot-2014-03-02-at-2.37.31-PM.png|NULL - date|http://trashisfortossers.com/zero-waste-lunches-at-work/|Trash is for Tossers|zero waste lunches work food kitchen office travel|
Storing Leftovers Without Waste|http://66.147.244.183/~trashisf/wp-content/uploads/2013/11/photo-4.jpg|NULL - date|http://trashisfortossers.com/storing-leftovers-waste-free/|Trash is for Tossers|storing leftovers waste food home kitchen travel|
Zero Waste Travel Kit|http://66.147.244.183/~trashisf/wp-content/uploads/2013/11/tiftzerowastepackingkit.jpg|NULL - date|http://trashisfortossers.com/zero-waste-travel-ki/|Trash is for Tossers|zero waste travel kit toiletries travel|
Stuff is Just Stuff|http://66.147.244.183/~trashisf/wp-content/uploads/2013/11/PicMonkey-Collage1.jpg|NULL - date|http://trashisfortossers.com/stuff-is-just-stuff/|Trash is for Tossers|stuff is just stuff travel|
Construction Waste Reuse in NYC|http://66.147.244.183/~trashisf/wp-content/uploads/2013/11/IMG_5625.jpg|NULL - date|http://trashisfortossers.com/tift-takes-field-trip-to-build-i/|Trash is for Tossers|construction waste reuse nyc travel|
Zero Waste Coffee|http://66.147.244.183/~trashisf/wp-content/uploads/2013/10/coffee_fixed.jpg|NULL - date|http://trashisfortossers.com/skip-cafe-make-your-coffee-at-home/|Trash is for Tossers|zero waste coffee food kitchen office travel|
Zero Waste Dental Hygiene|http://66.147.244.183/~trashisf/wp-content/uploads/2013/09/IMG_5469.jpg|NULL - date|http://trashisfortossers.com/clean-teeth-dirty-plane/|Trash is for Tossers|zero waste dental hygiene bathroom cleaning toiletries travel|
Zero Waste Music Festival Fashion|http://66.147.244.183/~trashisf/wp-content/uploads/2013/08/elle-6922-street-chic-lollapalooza-2013-xln-lgn.jpg|NULL - date|http://trashisfortossers.com/zero-waste-clothing-festival-fashion/|Trash is for Tossers|zero waste music festival fashion shopping travel wardrobe|
Zero Waste at Music Festivals|http://66.147.244.183/~trashisf/wp-content/uploads/2013/08/photo-1-1100x1100.jpg|NULL - date|http://trashisfortossers.com/living-zero-waste-music-festivals/|Trash is for Tossers|zero waste music festivals travel wardrobe|
Zero Waste Takeout|http://66.147.244.183/~trashisf/wp-content/uploads/2013/06/photo-2-1100x825.jpg|NULL - date|http://trashisfortossers.com/take-out-zero-waste-style/|Trash is for Tossers|zero waste takeout food kitchen office travel|
Zero Waste Experience Gift Ideas|http://trashisfortossers.com/wp-content/uploads/2017/12/experience-gifts-2-1100x611.jpg|NULL - date|http://trashisfortossers.com/zero-waste-experience-gift-ideas/|Trash is for Tossers|zero waste experience gift ideas entertaining living shopping|
A Guide To Zero Waste Gift Wrapping|http://trashisfortossers.com/wp-content/uploads/2017/12/all-three-gifts-1100x733.jpg|NULL - date|http://trashisfortossers.com/a-guide-to-zero-waste-gift-wrapping/|Trash is for Tossers|guide zero waste gift wrapping diy shopping|
Zero Waste Gifts For Your Foodie Friend|http://trashisfortossers.com/wp-content/uploads/2017/11/foodie-friend-cover-image.jpg|NULL - date|http://trashisfortossers.com/zero-waste-gifts-for-your-foodie-friend/|Trash is for Tossers|zero waste gifts your foodie friend kitchen shopping|
Sustainable Gift Ideas For The Traveler in Your Life|http://trashisfortossers.com/wp-content/uploads/2017/11/zero-waste-traveler-1100x611.jpg|NULL - date|http://trashisfortossers.com/sustainable-gift-ideas-for-the-traveler/|Trash is for Tossers|sustainable gift ideas traveler your life shopping travel|
Lauren’s Top Zero Waste Gifts for Every Budget|http://trashisfortossers.com/wp-content/uploads/2017/11/zero-waste-gift-guide-by-price-featured-image-1100x611.jpg|NULL - date|http://trashisfortossers.com/laurens-top-zero-waste-gifts-for-every-budget/|Trash is for Tossers|laurens top zero waste gifts every budget shopping|
Zero Waste Holidays: Decorating and Shopping|http://trashisfortossers.com/wp-content/uploads/2017/11/bags-1100x730.jpg|NULL - date|http://trashisfortossers.com/zero-waste-holidays-decorating-and-shopping/|Trash is for Tossers|zero waste holidays decorating shopping easy changes entertaining living shopping|
Zero Waste Wardrobe: A Guide To Secondhand Shopping|http://trashisfortossers.com/wp-content/uploads/2017/11/trash-is-for-tossers-secondhand-shopping-guide-beacons-closet-1100x733.jpg|NULL - date|http://trashisfortossers.com/zero-waste-wardrobe-secondhand-shopping/|Trash is for Tossers|zero waste wardrobe guide secondhand shopping easy changes shopping wardrobe|
Zero Waste Holidays: Cooking and Eating|http://trashisfortossers.com/wp-content/uploads/2017/11/ingredients-1100x733.jpg|NULL - date|http://trashisfortossers.com/zero-waste-holidays-cooking-and-eating/|Trash is for Tossers|zero waste holidays cooking eating entertaining food shopping|
Zero Waste Bachelorette Party|http://trashisfortossers.com/wp-content/uploads/2017/07/IMG_4521.jpg|NULL - date|http://trashisfortossers.com/zero-waste-bachelorette-party/|Trash is for Tossers|zero waste bachelorette party easy changes shopping travel|
How To Pack A Zero Waste Lunch|http://trashisfortossers.com/wp-content/uploads/2017/06/how-to-pack-a-zero-waste-lunch.jpg|NULL - date|http://trashisfortossers.com/how-to-pack-a-zero-waste-lunch/|Trash is for Tossers|pack zero waste lunch food kitchen office shopping travel|
How To Make Your Coffee Order Zero Waste|NULL - image|NULL - date|http://trashisfortossers.com/how-to-make-your-coffee-order-zero-waste/|Trash is for Tossers|make your coffee order zero waste easy changes food office shopping travel|
Zero Waste Shopping: A How To Guide|NULL - image|NULL - date|http://trashisfortossers.com/zero-waste-shopping-how-to-guide/|Trash is for Tossers|zero waste shopping guide easy changes food shopping toiletries|
How to Shop at the Farmers Market Without Producing Waste|NULL - image|NULL - date|http://trashisfortossers.com/how-to-shop-at-farmers-market-withou/|Trash is for Tossers|shop farmers market producing waste food kitchen shopping travel|
How to Tare a Jar and Shop Waste Free|NULL - image|NULL - date|http://trashisfortossers.com/how-to-tare-jar-and-shop-waste-free/|Trash is for Tossers|tare jar shop waste free easy changes food kitchen shopping travel|
A Simple Swap for Plastic Water Bottles|NULL - image|NULL - date|http://trashisfortossers.com/simple-swap-plastic-water-bottles/|Trash is for Tossers|simple swap plastic water bottles easy changes home kitchen office shopping toiletries travel|
Plastic Bags|NULL - image|NULL - date|http://trashisfortossers.com/simple-swap-plastic-bags/|Trash is for Tossers|plastic bags easy changes food home shopping travel|
Why I Let my Fridge go Bare|http://66.147.244.183/~trashisf/wp-content/uploads/2014/02/photo-1-1100x1100.jpg|NULL - date|http://trashisfortossers.com/why-i-let-my-fridge-go-bare/|Trash is for Tossers|why i let fridge go bare food home kitchen shopping|
A Zero Waste Holiday Season|http://66.147.244.183/~trashisf/wp-content/uploads/2013/11/IMG_5730.jpg|NULL - date|http://trashisfortossers.com/its-friday-night-and-im-feeling-crafty/|Trash is for Tossers|zero waste holiday season shopping|
Zero Waste Food Shopping|http://66.147.244.183/~trashisf/wp-content/uploads/2013/08/IMG_5162.jpg|NULL - date|http://trashisfortossers.com/zero-waste-food-shopping/|Trash is for Tossers|zero waste food shopping food kitchen shopping|
Zero Waste, No-Tape Gift Wrapping|http://66.147.244.183/~trashisf/wp-content/uploads/2013/08/IMG_4967.jpg|NULL - date|http://trashisfortossers.com/zero-waste-no-tape-gift-wrapping/|Trash is for Tossers|zero waste notape gift wrapping home shopping|
Zero Waste Alternatives: The Ultimate List|http://66.147.244.183/~trashisf/wp-content/uploads/2013/08/Screen-Shot-2013-08-16-at-5.30.14-PM.png|NULL - date|http://trashisfortossers.com/zero-waste-alternatives-ultimate-lis/|Trash is for Tossers|zero waste alternatives ultimate list shopping|
Life Without Plastic|http://66.147.244.183/~trashisf/wp-content/uploads/2013/08/IMG_4899.jpg|NULL - date|http://trashisfortossers.com/life-without-plastic/|Trash is for Tossers|life plastic shopping|
Zero Waste Music Festival Fashion|http://66.147.244.183/~trashisf/wp-content/uploads/2013/08/elle-6922-street-chic-lollapalooza-2013-xln-lgn.jpg|NULL - date|http://trashisfortossers.com/zero-waste-clothing-festival-fashion/|Trash is for Tossers|zero waste music festival fashion shopping travel wardrobe|
How to Store Your Vegetables Without Waste|http://66.147.244.183/~trashisf/wp-content/uploads/2013/07/IMG_4450-1100x825.jpg|NULL - date|http://trashisfortossers.com/how-to-store-your-leafy-greens-to-help/|Trash is for Tossers|store your vegetables waste food home kitchen shopping|
A Week of Organic Food for Under $40.00|http://66.147.244.183/~trashisf/wp-content/uploads/2013/07/IMG_4412-1100x825.jpg|NULL - date|http://trashisfortossers.com/a-week-of-organic-food-for-under-4000/|Trash is for Tossers|week organic food 40.00 food home kitchen shopping|
Zero Waste Shopping: The Essentials.|http://66.147.244.183/~trashisf/wp-content/uploads/2013/06/IMG_3246-1100x734.jpg|NULL - date|http://trashisfortossers.com/zero-waste-shopping-essentials/|Trash is for Tossers|zero waste shopping essentials. easy changes food home kitchen shopping|
Zero Waste To-Go Cup|http://66.147.244.183/~trashisf/wp-content/uploads/2013/06/IMG_3133-1100x734.jpg|NULL - date|http://trashisfortossers.com/everyone-needs-ecojar/|Trash is for Tossers|zero waste togo cup kitchen shopping|
I’m A Zero Waste Girl In A Corporate World|http://trashisfortossers.com/wp-content/uploads/2017/10/zero-waste-lunch-at-work-trash-is-for-tossers-1100x735.jpg|NULL - date|http://trashisfortossers.com/zero-waste-girl-in-a-corporate-world/|Trash is for Tossers|im zero waste girl corporate world living office|
How To Pack A Zero Waste Lunch|http://trashisfortossers.com/wp-content/uploads/2017/06/how-to-pack-a-zero-waste-lunch.jpg|NULL - date|http://trashisfortossers.com/how-to-pack-a-zero-waste-lunch/|Trash is for Tossers|pack zero waste lunch food kitchen office shopping travel|
How To Make Your Coffee Order Zero Waste|NULL - image|NULL - date|http://trashisfortossers.com/how-to-make-your-coffee-order-zero-waste/|Trash is for Tossers|make your coffee order zero waste easy changes food office shopping travel|
My Ultimate Reading List|http://ecx.images-amazon.com/images/I/51KRmbqxakL._SX331_BO1,204,203,200_.jpg|NULL - date|http://trashisfortossers.com/my-ultimate-reading-lis/|Trash is for Tossers|ultimate reading list easy changes office travel|
Turn a Napkin Into a Reusable Bag in Seconds|NULL - image|NULL - date|http://trashisfortossers.com/turning-napkin-into-reusable-bag/|Trash is for Tossers|turn napkin reusable bag seconds easy changes kitchen office travel|
A Simple Swap for Plastic Water Bottles|NULL - image|NULL - date|http://trashisfortossers.com/simple-swap-plastic-water-bottles/|Trash is for Tossers|simple swap plastic water bottles easy changes home kitchen office shopping toiletries travel|
Zero Waste Lunches at Work|http://66.147.244.183/~trashisf/wp-content/uploads/2014/03/Screen-Shot-2014-03-02-at-2.37.31-PM.png|NULL - date|http://trashisfortossers.com/zero-waste-lunches-at-work/|Trash is for Tossers|zero waste lunches work food kitchen office travel|
Zero Waste Coffee|http://66.147.244.183/~trashisf/wp-content/uploads/2013/10/coffee_fixed.jpg|NULL - date|http://trashisfortossers.com/skip-cafe-make-your-coffee-at-home/|Trash is for Tossers|zero waste coffee food kitchen office travel|
Zero Waste Takeout|http://66.147.244.183/~trashisf/wp-content/uploads/2013/06/photo-2-1100x825.jpg|NULL - date|http://trashisfortossers.com/take-out-zero-waste-style/|Trash is for Tossers|zero waste takeout food kitchen office travel|
