Herb Infused Water In a Bottle,https://zerowastehome.com/2017/07/herb-infused-water-in-a-bottle/,https://s3-us-east-2.amazonaws.com/zerowaste-media/wp-content/uploads/20171109101523/2017-06-19-14.56.49.jpg
Zero Waste Travel - What to Pack,https://zerowastehome.com/2017/06/zero-waste-travel-what-to-pack/,https://s3-us-east-2.amazonaws.com/zerowaste-media/wp-content/uploads/20171109101622/2016-11-04-12.23.27.jpg
What's In Our 2016 Jar Of Household Waste?,https://zerowastehome.com/2017/02/whats-in-our-2016-jar-of-annual-waste/,https://s3-us-east-2.amazonaws.com/zerowaste-media/wp-content/uploads/20171207081959/2016-trash-tally.jpg
Zero Waste Office And School Supplies,https://zerowastehome.com/2016/09/zero-waste-office-and-school-supplies/,https://s3-us-east-2.amazonaws.com/zerowaste-media/wp-content/uploads/20171109102311/school-supplies-1.jpg
What's In Our 2015 Jar of Annual Waste?,https://zerowastehome.com/2016/05/whats-in-our-2015-jar-of-annual-waste/,https://www.zerowastehome.com/wp-content/themes/zwh/images/chair.jpg
How To Make A Recycled Notebook in 5 Easy Steps!,https://zerowastehome.com/2016/04/how-to-make-a-recycled-notebook-in-5-easy-steps/,https://s3-us-east-2.amazonaws.com/zerowaste-media/wp-content/uploads/20171109102454/2016-04-18-14.16.29.jpg
Zero Wate Home Essential: Multi-Functionality,https://zerowastehome.com/2015/01/zero-waste-home-essential-multi/,https://s3-us-east-2.amazonaws.com/zerowaste-media/wp-content/uploads/20171109102820/2014-12-1113.15.18.jpg
Take The Challenge To A No Waste Festive Season,https://zerowastehome.com/2014/12/take-challenge-to-no-waste-festive/,https://www.zerowastehome.com/wp-content/themes/zwh/images/chair.jpg
What's In Our 2014 Jar of Annual Waste,https://zerowastehome.com/2014/11/whats-in-our-familys-jar-of-annual-waste/,https://s3-us-east-2.amazonaws.com/zerowaste-media/wp-content/uploads/20171109102728/2014-11-2414.38.32-3.jpg
9 Reuse Ideas For Cardboard In A Zero Waste Home,https://zerowastehome.com/2014/05/9-reuse-ideas-for-cardboard-in-zero/,https://s3-us-east-2.amazonaws.com/zerowaste-media/wp-content/uploads/20171109102727/2014-05-22-18.25.06-1.jpg
3 Things You Can Do To Save Water Using 3 Containers You Already Have,https://zerowastehome.com/2014/02/3-things-you-can-do-to-save-water-using/,https://s3-us-east-2.amazonaws.com/zerowaste-media/wp-content/uploads/20171109102724/2014-02-10-13.26.09-1.jpg
"The ""What If""",https://zerowastehome.com/2013/12/the-what-if/,https://s3-us-east-2.amazonaws.com/zerowaste-media/wp-content/uploads/20171109102716/photo-1.jpg
Bulk App Stats,https://zerowastehome.com/2013/10/bulk-app-stats/,https://s3-us-east-2.amazonaws.com/zerowaste-media/wp-content/uploads/20171109102712/Photo-on-10-29-13-at-4.28-PM-2.jpg
Party Time! Zero Waste Style.,https://zerowastehome.com/2013/05/party-time-zero-waste-style/,https://s3-us-east-2.amazonaws.com/zerowaste-media/wp-content/uploads/20171109102709/2013-05-25-19.11.45.jpg
Our Bulk Locator App Is Out!,https://zerowastehome.com/2013/04/our-bulk-locator-app-is-ou/,https://s3-us-east-2.amazonaws.com/zerowaste-media/wp-content/uploads/20171109102707/appicon-jpeg.jpg