How to Find a Local Zero Waste Community|https://static1.squarespace.com/static/55120501e4b03b1ef9460c61/t/5a7bfb229140b78624b43883/1518074673252/Five+tips+for+finding+a+local+zero+waste+community+from+www.goingzerowaste.com|February  8, 2018|https://www.goingzerowaste.com/blog/how-to-find-a-local-zero-waste-community|Going Zero Waste|Find Local Zero Waste Community|
Zero Waste Valentine's Day|https://static1.squarespace.com/static/55120501e4b03b1ef9460c61/t/5a77a8ffe2c4831a61c92889/1517791590990/How+to+have+a+zero+waste+valentines+day+from+www.goingzerowaste.com|February  5, 2018|https://www.goingzerowaste.com/blog/how-to-have-a-zero-waste-valentines-day|Going Zero Waste|Zero Waste Valentine's|
31 Day Zero Waste Challenge|https://static1.squarespace.com/static/55120501e4b03b1ef9460c61/t/5a740b4dc8302552ab79fca7/1517554562702/31+day+zero+waste+challenge+recap+from+www.goingzerowaste.com|February  1, 2018|https://www.goingzerowaste.com/blog/31-day-zero-waste-challenge|Going Zero Waste|Zero Waste Challenge|
My Zero Waste Honeymoon|https://static1.squarespace.com/static/55120501e4b03b1ef9460c61/t/5a6eaefd085229bac53bcaa2/1517203241594/My+zero+waste+honeymoon+from+www.goingzerowaste.com|January 29, 2018|https://www.goingzerowaste.com/blog/my-zero-waste-honeymoon-trip-to-maine|Going Zero Waste|Zero Waste Honeymoon|
10 Zero Waste Makeup Brands|https://static1.squarespace.com/static/55120501e4b03b1ef9460c61/t/5a6aa433419202cd12221a49/1516938307581/10+zero+waste+makeup+brands+from+www.goingzerowaste.com|January 25, 2018|https://www.goingzerowaste.com/blog/10-zero-waste-makeup-brands|Going Zero Waste|Zero Waste Makeup Brands|
How to Freeze in Mason Jars|https://static1.squarespace.com/static/55120501e4b03b1ef9460c61/t/5a618069652deadec9d400ae/1516339407562/How+to+freeze+in+mason+jars+from+www.goingzerwaste.com.+Avoid+food+waste+%2F+zero+waste+%2F+mason+jars|January 18, 2018|https://www.goingzerowaste.com/blog/how-to-freeze-in-mason-jars|Going Zero Waste|Freeze Mason Jars|
DIY, Zero Waste Granola with Dried Blueberries|https://static1.squarespace.com/static/55120501e4b03b1ef9460c61/t/5a5c078cf9619a9a190865e3/1515980734115/DIY%2C+zero+waste+granola+from+www.goingzerowaste.com|January 15, 2018|https://www.goingzerowaste.com/blog/diy-zero-waste-granola-with-dried-blueberries|Going Zero Waste|DIY, Zero Waste Granola Dried Blueberries|
Zero Waste Cold and Flu Remedies|https://static1.squarespace.com/static/55120501e4b03b1ef9460c61/t/5a5839b60d9297c266b7d959/1515731457258/Zero+waste+cold+and+flu+remedies+from+www.goingzerowaste.com|January 11, 2018|https://www.goingzerowaste.com/blog/zero-waste-cold-and-flu-remedies|Going Zero Waste|Zero Waste Cold Flu Remedies|
5 Tips for Downsizing and Decluttering|https://static1.squarespace.com/static/55120501e4b03b1ef9460c61/t/5a54553471c10b117eeef90a/1515476539590/Five+tips+for+downsizing+and+decluttering+from+www.goingzerowaste.com|January  8, 2018|https://www.goingzerowaste.com/blog/5-tips-for-downsizing-and-decluttering|Going Zero Waste|Tips Downsizing Decluttering|
How to Go Zero Waste on a Budget|https://static1.squarespace.com/static/55120501e4b03b1ef9460c61/t/5a4efc0853450ac4a91521de/1515125790089/How+to+go+zero+waste+on+a+budget+with+fifty+dollars+or+less+from+www.goingzerowaste.com+%23zerowaste|January  4, 2018|https://www.goingzerowaste.com/blog/how-to-go-zero-waste-on-a-budget-fifty-dollars-or-less|Going Zero Waste|Go Zero Waste Budget|
31 Day Zero Waste Challenge New Years Edition|https://static1.squarespace.com/static/55120501e4b03b1ef9460c61/t/5a45cb1ef9619ae047b374a7/1514523464717/A+31+Day+zero+waste+challenge+to+jump+start+your+zero+waste+and+plastic+free+new+years+resolution+from+www.goingzerowaste.com+%23zerowaste|December 28, 2017|https://www.goingzerowaste.com/blog/31-day-zero-waste-challenge-new-years-edition|Going Zero Waste|Zero Waste Challenge New Years Edition|
How to Stay Zero Waste at a Non-Zero Waste Party|https://static1.squarespace.com/static/55120501e4b03b1ef9460c61/t/5a3c88209140b7cd5738e974/1513916478369/How+to+stay+%23zerowaste+at+a+non-zero+waste+party+from+www.goingzerowaste.com|December 21, 2017|https://www.goingzerowaste.com/blog/how-to-stay-zero-waste-at-a-non-zero-waste-party|Going Zero Waste|Stay Zero Waste Non-Zero Waste Party|
Homemade Hot Cocoa Mix|https://static1.squarespace.com/static/55120501e4b03b1ef9460c61/t/5a38a25971c10b6d136abd3b/1513661086268/Homemade+hot+cocoa+mix+plus+a+recipe+for+vegan+marshmallow+fluff+from+www.goingzerowaste.com|December 18, 2017|https://www.goingzerowaste.com/blog/zero-waste-homemade-diy-hot-cocoa-mix-non-dairy|Going Zero Waste|Homemade Hot Cocoa Mix|
How to Wrap Presents Zero Waste|https://static1.squarespace.com/static/55120501e4b03b1ef9460c61/t/5a333edbf9619a424b0bf858/1513307927751/The+ultimate+guide+for+wrapping+presents+the+zero+waste+way+from+www.goingzerowaste.com+%23zerowaste|December 14, 2017|https://www.goingzerowaste.com/blog/how-to-wrap-presents-zero-waste|Going Zero Waste|Wrap Presents Zero Waste|
I Tried Who Gives a Crap Toilet Paper, and Here's How It Went|https://static1.squarespace.com/static/55120501e4b03b1ef9460c61/t/5a29e8a69140b72a34cae051/1512696295036/I+tried+who+gives+a+crap+and+here%27s+how+it+went+from+www.goingzerowaste.com|December  7, 2017|https://www.goingzerowaste.com/blog/i-tried-who-gives-a-crap-and-heres-how-it-went|Going Zero Waste|I Tried Who Gives Crap Toilet Paper, Here's It Went|
75 Consumable Gift Ideas|https://static1.squarespace.com/static/55120501e4b03b1ef9460c61/t/5a2649bbc830250c1dcf3d30/1512458706426/75+zero+waste+gift+ideas+from+www.goingzerowaste.com|December  4, 2017|https://www.goingzerowaste.com/blog/75-consumable-gift-ideas-zero-waste|Going Zero Waste|Consumable Gift Ideas|
50 of the best experience gifts|https://static1.squarespace.com/static/55120501e4b03b1ef9460c61/t/5a210c0253450a77d2fd96b6/1512115220995/50+of+the+best+experience+gifts+from+www.goingzerowaste.com|December  1, 2017|https://www.goingzerowaste.com/blog/50-of-the-best-experience-gifts|Going Zero Waste|best experience gifts|
12 Days of Zero Waste Christmas|https://static1.squarespace.com/static/55120501e4b03b1ef9460c61/t/5a1396560d9297369259299c/1511233121578/The+12+Days+of+Zero+Waste+Christmas+from+www.goingzerowaste.com|November 20, 2017|https://www.goingzerowaste.com/blog/12-days-of-zero-waste-christmas|Going Zero Waste|Days Zero Waste Christmas|
A Zero Waste Christmas Guide|https://static1.squarespace.com/static/55120501e4b03b1ef9460c61/t/5a0e80c2652deaed3c691ad6/1510899934534/A+zero+waste+christmas+guide+from+www.goingzerowaste.com+%23zerowaste|November 16, 2017|https://www.goingzerowaste.com/blog/2015/11/28/a-zero-waste-christmas-paxes|Going Zero Waste|Zero Waste Christmas Guide|
Zero Waste Documentaries|https://static1.squarespace.com/static/55120501e4b03b1ef9460c61/t/5a0a8cc6ec212d1131f15717/1510640971830/Two+must+see+zero+waste+documentaries+from+www.goingzerowaste.com+%23zerowaste|November 13, 2017|https://www.goingzerowaste.com/blog/zero-waste-documentaries|Going Zero Waste|Zero Waste Documentaries|
My Favorite Zero Waste YouTube Channels|https://static1.squarespace.com/static/55120501e4b03b1ef9460c61/t/5a052c60c83025eccd89dd7c/1510288496317/My+favorite+zero+waste+youtube+channels+from+www.goingzerowaste.com+%23zerowaste|November  9, 2017|https://www.goingzerowaste.com/blog/the-best-zero-waste-youtube-channels|Going Zero Waste|Favorite Zero Waste YouTube Channels|
The Ultimate Step-by-Step Guide to Going Zero Waste|https://static1.squarespace.com/static/55120501e4b03b1ef9460c61/t/5a028eb68165f56e6f28068a/1510117053714/10+Steps+to+go+%23zerowaste+for+beginners+from+www.goingzerowaste.com|November  7, 2017|https://www.goingzerowaste.com/blog/the-ultimate-step-by-step-guide-to-going-zero-waste|Going Zero Waste|Ultimate Step-by-Step Guide Going Zero Waste|
My Dream Zero Waste Wedding|https://static1.squarespace.com/static/55120501e4b03b1ef9460c61/t/59fbf82764265fb01e50fa15/1509685302700/My+Dream+zero+waste+wedding+from+www.goingzerowaste.com+%23zerowaste|November  2, 2017|https://www.goingzerowaste.com/blog/my-dream-zero-waste-wedding|Going Zero Waste|Dream Zero Waste Wedding|
DIY, Zero Waste Powder Foundation|https://static1.squarespace.com/static/55120501e4b03b1ef9460c61/t/59f812ae27ef2d4ad3301250/1509429943588/%23DIY+%23Homemade+%23Zerowaste+%23makeup+%23powder+%23foundation+from+www.goingzerowaste.com|October 30, 2017|https://www.goingzerowaste.com/blog/zero-waste-homemade-powder-foundation|Going Zero Waste|DIY, Zero Waste Powder Foundation|
Homemade Nut Butter|https://static1.squarespace.com/static/55120501e4b03b1ef9460c61/t/59f2a7dc084665b361fa6ee9/1509075062637/Homemade+%23zerowaste+%23nutbutter+four+ways%21+%23creamypeanutbutter+%23cruncypeanutbutter+%23almondbutter+%23sunbutter+from+www.goingzerowaste.com|October 26, 2017|https://www.goingzerowaste.com/blog/homemade-creamy-peanut-butter-almond-butter-crunchy-peanut-butter-sun-butter-zero-waste|Going Zero Waste|Homemade Nut Butter|
The Ultimate List of Zero Waste Swaps|https://static1.squarespace.com/static/55120501e4b03b1ef9460c61/t/59eec8b5edaed88881c39178/1508821196026/The+ultimate+list+of+%23zerowaste+swaps+from+A-Z+from+www.goingzerowaste.com|October 23, 2017|https://www.goingzerowaste.com/blog/the-ultimate-list-of-zero-waste-swaps|Going Zero Waste|Ultimate List Zero Waste Swaps|
7 Ideas for a Zero Waste Birthday Party|https://static1.squarespace.com/static/55120501e4b03b1ef9460c61/t/59e981b2b1ffb68a1b4dd819/1508475337273/7+Ideas+for+a+%23zerowaste+%23birthdayparty+from+www.goingzerowaste.com|October 19, 2017|https://www.goingzerowaste.com/blog/7-ideas-for-a-zero-waste-birthday-party|Going Zero Waste|Ideas Zero Waste Birthday Party|
DIY Makeup Brush Cleaner|https://static1.squarespace.com/static/55120501e4b03b1ef9460c61/t/59e42fdf51a5845f0dfa4274/1508217292671/DIY%2C+zero+waste+makeup+brush+cleaner+from+www.goingzerowaste.com|October 16, 2017|https://www.goingzerowaste.com/blog/diy-makeup-brush-cleaner|Going Zero Waste|DIY Makeup Brush Cleaner|
Infused Strawberry Top Water|https://static1.squarespace.com/static/55120501e4b03b1ef9460c61/t/59ddb9a53e00be15fdb55cae/1507703239911/Infused+strawberry+top+water+%2F%2F+a+recipe+to+prevent+food+waste+from+www.goingzerowaste.com|October 10, 2017|https://www.goingzerowaste.com/blog/infused-strawberry-top-water|Going Zero Waste|Infused Strawberry Top Water|
5 Ways to Store Leftovers Plastic Free|https://static1.squarespace.com/static/55120501e4b03b1ef9460c61/t/59d7110cb1ffb66a98a3e4f7/1507266844496/Five+ways+to+store+leftovers+without+plastic+from+www.goingzerowaste.com|October  5, 2017|https://www.goingzerowaste.com/blog/5-plastic-free-ways-to-store-leftovers|Going Zero Waste|Ways Store Leftovers Plastic Free|
A Composting Guide for Apartment Living|https://static1.squarespace.com/static/55120501e4b03b1ef9460c61/t/59d313a09f7456b49d4bcd81/1507005502931/A+composting+guide+for+apartment+living+from+www.goingzerowaste.com+%23zerowaste+%23compost|October  2, 2017|https://www.goingzerowaste.com/blog/composting-for-apartments|Going Zero Waste|Composting Guide Apartment Living|
Zero Waste in Arkansas|https://static1.squarespace.com/static/55120501e4b03b1ef9460c61/t/59cde5a94c326de0735be047/1506665947280/A+zero+waste+travel+guide+for+Arkansas+from+www.goingzerowaste.com|September 28, 2017|https://www.goingzerowaste.com/blog/zero-waste-in-arkansas|Going Zero Waste|Zero Waste Arkansas|
31 Day Zero Waste Challenge - For Kids!|https://static1.squarespace.com/static/55120501e4b03b1ef9460c61/t/59c86052f7e0ab09710cc95f/1506304114018/The+31+Day+Zero+Waste+Challenge+for+Kids%21+from+www.goingzerowaste.com|September 24, 2017|https://www.goingzerowaste.com/blog/31-day-zero-waste-challenge-for-kids|Going Zero Waste|Zero Waste Challenge - Kids!|
My Minimalist(ish) Zero Waste Kitchen Tour|https://static1.squarespace.com/static/55120501e4b03b1ef9460c61/t/59b89ff3b1ffb69891e3e62f/1505271839164/Peek+inside+my+minimal+%28ish%29+zero+waste+kitchen+from+www.goingzerowaste.com|September 12, 2017|https://www.goingzerowaste.com/blog/my-minimalist-zero-waste-kitchen-tour|Going Zero Waste|Minimalist(ish) Zero Waste Kitchen Tour|
How to Get Involved with Local Government|https://static1.squarespace.com/static/55120501e4b03b1ef9460c61/t/59b2361fd7bdce0ff506e745/1504851535711/How+to+get+involved+with+local+government+plus+an+awesome+workbook+to+help+you+get+started+from+www.goingzerowaste.com|September  7, 2017|https://www.goingzerowaste.com/blog/how-to-get-involved-with-local-government|Going Zero Waste|Get Involved Local Government|
The Hunt for an Organic Mattress|https://static1.squarespace.com/static/55120501e4b03b1ef9460c61/t/59a8dcdfd482e9160611f043/1504238841589/All+about+our+hunt+for+an+organic%2C+zero+waste+mattress+from+www.goingzerowaste.com|August 31, 2017|https://www.goingzerowaste.com/blog/the-hunt-for-a-zero-waste-mattress|Going Zero Waste|Hunt an Organic Mattress|
DIY Personal Lubricant|https://static1.squarespace.com/static/55120501e4b03b1ef9460c61/t/59a4fffc197aeac24801e0e5/1503985667901/Two%2C+zero+waste%2C+diy+personal+lubricant+recipes+from+www.goingzerowaste.com|August 28, 2017|https://www.goingzerowaste.com/blog/diy-personal-lubricant|Going Zero Waste|DIY Personal Lubricant|
6 Things an 18 Piece Wardrobe Taught Me|https://static1.squarespace.com/static/55120501e4b03b1ef9460c61/t/599d231f6a496355394abab0/1503470447902/Six+things+an+18+piece+wardrobe+taught+me.+Do+you+have+a+small+or+capsule+wardrobe%3F+Get+my+6+tips+for+finding+your+enough+and+which+pitfalls+to+avoid+from+www.goingzerowaste.com|August 22, 2017|https://www.goingzerowaste.com/blog/things-an-18-piece-wardrobe-taught-me|Going Zero Waste|Things an Piece Wardrobe Taught Me|
Things We Buy Organic|https://static1.squarespace.com/static/55120501e4b03b1ef9460c61/t/5996816937c581d2ca23d060/1503035776766/Six+things+we+buy+organic+and+why+it%27s+important+from+www.goingzerowaste.com|August 17, 2017|https://www.goingzerowaste.com/blog/why-its-important-to-have-an-organic-home|Going Zero Waste|Things We Buy Organic|
Ultimate List of Zero Waste School Supplies|https://static1.squarespace.com/static/55120501e4b03b1ef9460c61/t/598d266bbe6594a6ed13a647/1502422661192/The+ultimate+list+of+school+supplies+from+www.goingzerowaste.com|August 10, 2017|https://www.goingzerowaste.com/blog/zero-waste-school-supplies|Going Zero Waste|Ultimate List Zero Waste School Supplies|
Zero Waste Toilet Paper|https://static1.squarespace.com/static/55120501e4b03b1ef9460c61/t/59894b279f745611a5fdce60/1502169932871/What+do+you+use+for+toilet+paper+when+you%27re+zero+waste%3F+Find+out+more+about+family+cloth%2C+bidet+attachments%2C+and+eco-friendly+toilet+paper+on+www.goingzerowaste.com|August  7, 2017|https://www.goingzerowaste.com/blog/zero-waste-toilet-paper|Going Zero Waste|Zero Waste Toilet Paper|
Zero Waste Grocery Store Challenge: Grocery Outlet|https://static1.squarespace.com/static/55120501e4b03b1ef9460c61/t/5983ff02ff7c504ae18b9453/1501822739122/The+zero+waste+grocery+store+challenge+at+grocery+outlet+from+www.goingzerowaste.com|August  3, 2017|https://www.goingzerowaste.com/blog/zero-waste-grocery-store-challenge-grocery-outlet-w9m3k|Going Zero Waste|Zero Waste Grocery Store Challenge: Grocery Outlet|
7 Ways to Avoid Food Waste|https://static1.squarespace.com/static/55120501e4b03b1ef9460c61/t/59800862b3db2babbb9933c7/1501562983264/Seven+ways+to+avoid+food+waste+and+the+ultimate+zero+waste+guide+to+storing+your+produce+to+keep+it+fresh+as+long+as+possible%21+www.goingzerowaste.com|July 31, 2017|https://www.goingzerowaste.com/blog/ways-to-avoid-food-waste|Going Zero Waste|Ways Avoid Food Waste|
Tips for a Zero Waste Road Trip|https://static1.squarespace.com/static/55120501e4b03b1ef9460c61/t/597aa4a8f9a61ea5933b0946/1501209794943/7+tips+for+a+zero+waste+road+trip+from+www.goingzerowaste.com|July 27, 2017|https://www.goingzerowaste.com/blog/tips-for-a-zero-waste-road-trip|Going Zero Waste|Tips Zero Waste Road Trip|
6 Recipes for Stale Bread|https://static1.squarespace.com/static/55120501e4b03b1ef9460c61/t/59718503be6594f000b727a6/1500611858068/Six+recipes+for+stale+bread+from+www.goingzerowaste.com|July 20, 2017|https://www.goingzerowaste.com/blog/2015/5/14/a-stale-mate|Going Zero Waste|Recipes Stale Bread|
How to Make Rose Water Toner|https://static1.squarespace.com/static/55120501e4b03b1ef9460c61/t/596d94cc4c0dbf6dda5ddce4/1500353774363/How+to+make+rosewater+toner+from+www.goingzerowaste.com|July 17, 2017|https://www.goingzerowaste.com/blog/how-to-make-rose-water-toner|Going Zero Waste|Make Rose Water Toner|
Going Zero Waste When Your Partner Doesn't Want to|https://static1.squarespace.com/static/55120501e4b03b1ef9460c61/t/5983fd934c0dbf624a26732b/1501822360483/How+do+I+go+zero+waste+when+my+partner+isn%27t+on+board%3F%3F%3F+www.goingzerowaste.com|July 13, 2017|https://www.goingzerowaste.com/blog/going-zero-waste-when-your-partner-doesnt-want-to|Going Zero Waste|Going Zero Waste When Your Partner Doesn't Want|
10 Steps To Reduce Waste in the Home|https://static1.squarespace.com/static/55120501e4b03b1ef9460c61/t/58394127cd0f680eca9747ef/1480147242781/10+Zero+Waste+Tips+for+Reducing+Waste+Around+the+Home+at+www.goingzerowaste.com|July 10, 2017|https://www.goingzerowaste.com/blog/10stepstoreducewaste|Going Zero Waste|Steps Reduce Waste Home|
Innovative Ideas for Cooking with Food Scraps|https://static1.squarespace.com/static/55120501e4b03b1ef9460c61/t/595f0b24e4fcb582055336f7/1499401153872/Eight+innovative+ides+for+cooking+with+food+scraps+with+Joel+Gamoran+from+the+TV+Show+Scraps+and+www.goingzerowaste.com|July  6, 2017|https://www.goingzerowaste.com/blog/cooking-with-scraps|Going Zero Waste|Innovative Ideas Cooking Food Scraps|
Plastic Free July|https://static1.squarespace.com/static/55120501e4b03b1ef9460c61/t/5984097b914e6b93fcce0638/1501825410541/Take+the+Plastic+Free+July+Challenge+with+www.goingzerowaste.com|June 29, 2017|https://www.goingzerowaste.com/blog/plastic-free-july|Going Zero Waste|Plastic Free July|
My Zero Waste Bachelorette Party|https://static1.squarespace.com/static/55120501e4b03b1ef9460c61/t/5951e1c9f5e2317781ecbe87/1498538461086/My+zero+waste+bachelorette+party+from+www.goingzerowaste.com|June 26, 2017|https://www.goingzerowaste.com/blog/my-zero-waste-bachelorette-party|Going Zero Waste|Zero Waste Bachelorette Party|
Zero Waste Skin Care Products|https://static1.squarespace.com/static/55120501e4b03b1ef9460c61/t/594c98b86a496327ba97a7c1/1498192068315/Don%27t+want+to+DIY+your+skin+care%3F+Learn+all+about+my+favorite+zero+waste+skin+care+products+that+are+green%2C+clean%2C+and+packaged+sustainably+from+www.goingzerowaste.com|June 22, 2017|https://www.goingzerowaste.com/blog/my-favorite-zero-waste-skin-care-products|Going Zero Waste|Zero Waste Skin Care Products|
Zero Waste Grocery Store Challenge: Target|https://static1.squarespace.com/static/55120501e4b03b1ef9460c61/t/59488b3237c58181e1335bf3/1497926456264/The+zero+waste+grocery+store+challenge+goes+to+target%21+Join+me+on+my+low+waste+trip+to+target+and+see+what+options+are+out+there+from+www.goingzerowaste.com|June 19, 2017|https://www.goingzerowaste.com/blog/zero-waste-grocery-store-challenge-target|Going Zero Waste|Zero Waste Grocery Store Challenge: Target|
NULL - title|NULL - image|NULL - date|https://www.goingzerowaste.com/blog/2015/6/15/eating-out-zero-waste-style|Going Zero Waste|NULL - keywords|
6 Zero Waste Baby Shower Gift Ideas|https://static1.squarespace.com/static/55120501e4b03b1ef9460c61/t/593f75961e5b6cb3076ba413/1497331112306/Six+zero+waste+baby+shower+gift+ideas+from+www.goingzerowaste.com|June 13, 2017|https://www.goingzerowaste.com/blog/10-zero-waste-baby-shower-gift-ideas|Going Zero Waste|Zero Waste Baby Shower Gift Ideas|
Old Plastic when You're Plastic Free|https://static1.squarespace.com/static/55120501e4b03b1ef9460c61/t/593a2da015d5dbd460e1aea3/1496984997651/What+should+you+do+with+old+plastic+when+you%27re+going+zero+waste+and+plastic+free%3F+From+www.goingzerowaste.com|June  8, 2017|https://www.goingzerowaste.com/blog/what-should-you-do-with-old-plastic-when-youre-plastic-free-zero-waste|Going Zero Waste|Old Plastic when You're Plastic Free|
6 Tips for Ditching Junk Mail|https://static1.squarespace.com/static/55120501e4b03b1ef9460c61/t/59363c9aa5790aeebea09e16/1496726728292/Did+you+know+51+million+metric+tons+of+greenhouse+gas+is+produced+from+junk+mail+alone%3F+Get+6+tips+for+ditching+junk+mail+from+www.goingzerowaste.com|June  5, 2017|https://www.goingzerowaste.com/blog/6-tips-for-ditching-junk-mail|Going Zero Waste|Tips Ditching Junk Mail|
A Sentimental Minimalist|https://static1.squarespace.com/static/55120501e4b03b1ef9460c61/t/593108169f7456ee78e6fae3/1496385722007/I%27m+a+sentimental+minimalist.+Learn+how+to+let+go+of+sentimental+items+from+www.goingzerowaste.com|June  1, 2017|https://www.goingzerowaste.com/blog/a-sentimental-minimalist-learn-how-to-let-go-of-sentimental-items|Going Zero Waste|Sentimental Minimalist|
5 Zero Waste Funeral Ideas|https://static1.squarespace.com/static/55120501e4b03b1ef9460c61/t/592d0a0dd1758e7c6fe43722/1496123952278/Five+zero+waste+funeral+ideas+from+www.goingzerowaste.com|May 29, 2017|https://www.goingzerowaste.com/blog/zero-waste-funerals|Going Zero Waste|Zero Waste Funeral Ideas|
Zero Waste Wedding Part 2|https://static1.squarespace.com/static/55120501e4b03b1ef9460c61/t/59277eabcd0f68dc113ed7ef/1495760598780/A+zero+waste+wedding+ceremony+and+reception+brunch+in+San+Francisco%2C+CA+from+www.goingzerowaste.com|May 25, 2017|https://www.goingzerowaste.com/blog/zero-waste-wedding-part-2|Going Zero Waste|Zero Waste Wedding Part|
15 Ways to be Zero Waste Even if you Dont Have a Bulk Store|https://static1.squarespace.com/static/55120501e4b03b1ef9460c61/t/5923c55115cf7dfa1ad7680c/1495516528323/15+Ways+to+be+Zero+Waste+Even+if+you+Don%E2%80%99t+Have+a+Bulk+Store+from+www.goingzerowaste.com|May 22, 2017|https://www.goingzerowaste.com/blog/15-ways-to-be-zero-waste-even-if-you-dont-have-a-bulk-store|Going Zero Waste|Ways be Zero Waste Even if you Dont Have Bulk Store|
My Top 5 Zero Waste Shower Essentials|https://static1.squarespace.com/static/55120501e4b03b1ef9460c61/t/591e5de51e5b6c649ad29e37/1495162356605/My+top+five+zero+waste+shower+essentials+from+www.goingzerowaste.com|May 18, 2017|https://www.goingzerowaste.com/blog/my-zero-waste-shower|Going Zero Waste|Top Zero Waste Shower Essentials|
Zero Waste Wedding Part 1|https://static1.squarespace.com/static/55120501e4b03b1ef9460c61/t/591a6fed414fb5b0a2038751/1494904865963/Zero+waste+wedding+part+one+the+backyard+bbq%2Freception%2C+find+out+how+we+kept+this+50+person+event+waste+free+from+www.goingzerowaste.com|May 15, 2017|https://www.goingzerowaste.com/blog/zero-waste-wedding-reception-bbq|Going Zero Waste|Zero Waste Wedding Part|
Zero Waste Flossing|https://static1.squarespace.com/static/55120501e4b03b1ef9460c61/t/58feced620099efa20e5df11/1493094135880/Zero+waste+flossing+and+a+look+into+my+zero+waste+oral+care+routine+from+www.goingzerowaste.com|April 24, 2017|https://www.goingzerowaste.com/blog/2015/7/7/zero-waste-flossing|Going Zero Waste|Zero Waste Flossing|
My Favorite Places in the Bay Area|https://static1.squarespace.com/static/55120501e4b03b1ef9460c61/t/58f9971917bffc3dd78722c4/1492752211617/My+favorite+places+in+the+bay+area%3A+zero+waste+edition+from+www.goingzerowaste.com|April 20, 2017|https://www.goingzerowaste.com/blog/my-favorite-places-in-the-bay-area-zero-waste-edition|Going Zero Waste|Favorite Places Bay Area|
Zero Waste Wedding Update|https://static1.squarespace.com/static/55120501e4b03b1ef9460c61/t/58f582dbd482e91780051e5e/1492484915976/Planning+a+zero+waste+wedding%3F+Read+my+wedding+update+on+what+I%27ve+decided+for+the+venue%2C+the+flowers%2C+even+a+zero+waste+cake%21+www.goingzerowaste.com|April 17, 2017|https://www.goingzerowaste.com/blog/zero-waste-wedding-update|Going Zero Waste|Zero Waste Wedding Update|
12 Things I've Stopped Buying Since Going Zero Waste|https://static1.squarespace.com/static/55120501e4b03b1ef9460c61/t/58f03ca39de4bbfd3aa9c0e8/1492139234665/Twelve+things+I%27ve+stopped+buying+since+going+zero+waste+and+how+I%27ve+saved+%2412%2C000+over+the+last+two+and+a+half+years+from+www.goingzerowaste.com|April 13, 2017|https://www.goingzerowaste.com/blog/12-things-ive-stopped-buying-since-going-zero-waste|Going Zero Waste|Things I've Stopped Buying Going Zero Waste|
Zero Waste Easter|https://static1.squarespace.com/static/55120501e4b03b1ef9460c61/t/58e70dd59f7456e87e08c9c8/1491537450887/Keep+your+Easter+zero+waste+this+year.+Make+sure+your+stuffing+your+Easter+basket+with+useful+zero+waste+gifts+from+www.goingzerowaste.com|April  6, 2017|https://www.goingzerowaste.com/blog/zero-waste-easter|Going Zero Waste|Zero Waste Easter|
3 Reasons the Trash Jar is Bullsh*t|https://static1.squarespace.com/static/55120501e4b03b1ef9460c61/t/58e334e0e4fcb56f5893d35f/1491285221079/Three+reasons+the+trash+jar%2C+the+zero+waste+icon%2C+is+bullshit+from+www.goingzerowaste.com|April  3, 2017|https://www.goingzerowaste.com/blog/three-reasons-the-trash-jar-is-bullsht|Going Zero Waste|Reasons Trash Jar is Bullsh*t|
7 Tips to Avoid Greenwashing|https://static1.squarespace.com/static/55120501e4b03b1ef9460c61/t/58d9eec92e69cf858deaaf4e/1490677463886/7+tips+to+avoid+greenwashing+from+www.goingzerowaste.com|March 27, 2017|https://www.goingzerowaste.com/blog/how-to-tell-if-youre-being-greenwashed|Going Zero Waste|Tips Avoid Greenwashing|
Four Tips for Starting a Zero Waste Lifestyle|https://static1.squarespace.com/static/55120501e4b03b1ef9460c61/t/58d491bac534a598c8c90935/1490326078940/4+tips+for+starting+a+zero+waste+lifestyle+and+become+a+conscious+consumer+from+wwww.goingzerowaste.com|March 23, 2017|https://www.goingzerowaste.com/blog/four-tips-for-starting-a-zero-waste-lifestyle|Going Zero Waste|Four Tips Starting Zero Waste Lifestyle|
DIY, Zero Waste Extra Strength Deodorant|https://static1.squarespace.com/static/55120501e4b03b1ef9460c61/t/58d08cfad2b857a565d39d01/1490062666573/Learn+how+to+make+a+DIY+extra+strength+deodorant+that%27s+totally+zero+waste+from+www.goingzerowaste.com+plus+it%27s+coconut+oil+free%21|March 20, 2017|https://www.goingzerowaste.com/blog/diy-zero-waste-extra-strength-deodorant|Going Zero Waste|DIY, Zero Waste Extra Strength Deodorant|
10 Tips to Go Zero Waste When You Live with Your Parents|https://static1.squarespace.com/static/55120501e4b03b1ef9460c61/t/58cb6b3d1e5b6c11cc850618/1489726324248/Can+you+go+zero+waste+when+you+live+with+your+parents%3F+Here+are+10+tips+to+help+you+reduce+your+waste+while+you%27re+still+living+at+home+from+www.goingzerowaste.com|March 16, 2017|https://www.goingzerowaste.com/blog/10-tips-to-go-zero-waste-when-you-live-with-your-parents|Going Zero Waste|Tips Go Zero Waste When You Live Your Parents|
A Thrift Haul + The Dangers of Fast Fashion|https://static1.squarespace.com/static/55120501e4b03b1ef9460c61/t/58c78e58414fb5205e210bf3/1489473149138/Check+out+my+latest+score+at+the+thrift+store+and+a+note+on+the+dangers+of+fast+fashion+from+www.goingzerowaste.com|March 13, 2017|https://www.goingzerowaste.com/blog/2015/8/24/the-true-cost|Going Zero Waste|Thrift Haul + Dangers Fast Fashion|
My Zero Waste Self-Care Routine|https://static1.squarespace.com/static/55120501e4b03b1ef9460c61/t/58c22131c534a59cc4992c30/1489117506265/My+zero+waste+self-care+routine+from+www.goingzerowaste.com|March  9, 2017|https://www.goingzerowaste.com/blog/my-zero-waste-self-care-routine|Going Zero Waste|Zero Waste Self-Care Routine|
My Favorite Zero Waste Bloggers|https://static1.squarespace.com/static/55120501e4b03b1ef9460c61/t/58be32b1e58c6278e8abc3e4/1488862904562/My+favorite+zero+waste+bloggers+on+instagram+from+www.goingzerowaste.com|March  6, 2017|https://www.goingzerowaste.com/blog/my-favorite-zero-waste-bloggers|Going Zero Waste|Favorite Zero Waste Bloggers|
My Zero Waste House Tour|https://static1.squarespace.com/static/55120501e4b03b1ef9460c61/t/58b8f621cd0f6814f2a40c3f/1488516661499/my+zero+waste+house+tour+from+www.goingzerowaste.com|March  2, 2017|https://www.goingzerowaste.com/blog/my-zero-waste-house-tour|Going Zero Waste|Zero Waste House Tour|
15 Simple Swaps for a Zero Waste Bathroom|https://static1.squarespace.com/static/55120501e4b03b1ef9460c61/t/58b512bd9de4bbb8c780c260/1488261845987/15+simple+swaps+for+a+zero+waste+bathroom+from+www.goingzerowaste.com|February 27, 2017|https://www.goingzerowaste.com/blog/15-simple-swaps-for-a-zero-waste-bathroom|Going Zero Waste|Simple Swaps Zero Waste Bathroom|
101 Easy Eco Friendly, Zero Waste Tips|https://static1.squarespace.com/static/55120501e4b03b1ef9460c61/t/58afc228e6f2e1f19f493250/1487913541992/101+easy+eco+friendly%2C+zero+waste+tips+that+you+can+implement+today%21+From+www.goingzerowaste.com|February 23, 2017|https://www.goingzerowaste.com/blog/101-easy-eco-friendly-zero-waste-tips|Going Zero Waste|Easy Eco Friendly, Zero Waste Tips|
What's in a zero waster's bag!?|https://static1.squarespace.com/static/55120501e4b03b1ef9460c61/t/58abd5eebf629a5a82229025/1487657457797/What%27s+in+my+bag%3F+What+does+a+zero+waster+carry+with+them+on+an+almost+daily+basis+to+avoid+trash+and+waste+while+out%3F+Find+out+at+www.goingzerowaste.com|February 20, 2017|https://www.goingzerowaste.com/blog/whats-in-a-zero-wasters-bag|Going Zero Waste|What's zero waster's bag!?|
Interdietary Relationships: How to Cook for Different Dietary Restrictions|https://static1.squarespace.com/static/55120501e4b03b1ef9460c61/t/58a68564414fb56f8eaaea09/1487308451164/What+if+you%27re+a+vegetarian+and+you+significant+other+eats+meat%3F+What+if+you+or+your+kids+have+an+allergy%3F+You+don%27t+have+to+make+separate+meals.+Learn+how+to+streamline+meal+planning+and+how+to+cook+for+different+dietary+restrictions+or+what+I+like+to+call+interdietary+relationships+from+www.goingzerowaste.com|February 16, 2017|https://www.goingzerowaste.com/blog/interdietary-relationships-how-to-cook-for-different-dietary-restrictions-without-losing-your-mind|Going Zero Waste|Interdietary Relationships: Cook Different Dietary Restrictions|
Simple Homemade Lavender Bath Salts|https://static1.squarespace.com/static/55120501e4b03b1ef9460c61/t/58a29c0ebe6594d7b42ccae2/1487051811715/Learn+how+to+make+simple%2C+zero+waste%2C+homemade+lavender+bath+salts+from+www.goingzerowaste.com|February 13, 2017|https://www.goingzerowaste.com/blog/simple-homemade-lavender-bath-salts|Going Zero Waste|Simple Homemade Lavender Bath Salts|
Zero Waste Wedding Dresses|https://static1.squarespace.com/static/55120501e4b03b1ef9460c61/t/589d37da414fb5c38d3e8d1d/1486700435748/Zero+waste%2C+eco+friendly%2C+ethical+wedding+dresses+from+www.goingzerowaste.com|February  9, 2017|https://www.goingzerowaste.com/blog/zero-waste-wedding-dresses|Going Zero Waste|Zero Waste Wedding Dresses|
Love a Lonely Banana: A Song About Food Waste|https://static1.squarespace.com/static/55120501e4b03b1ef9460c61/t/589b590d893fc0bb3ba632d9/1486575902264/IMG_8472.JPG|February  8, 2017|https://www.goingzerowaste.com/blog/love-a-lonely-banana-a-song-about-food-waste|Going Zero Waste|Love Lonely Banana: Song Food Waste|
Zero Waste Valentine's Day Ideas|https://static1.squarespace.com/static/55120501e4b03b1ef9460c61/t/5899281abe65949bde44bbe5/1486432352845/Zero+waste+valentines+ideas+from+www.goingzerowaste.com|February  6, 2017|https://www.goingzerowaste.com/blog/zero-waste-valentines-day-ideas|Going Zero Waste|Zero Waste Valentine's Ideas|
6 Reasons Canning is Part of a Sustainable Lifestyle|https://static1.squarespace.com/static/55120501e4b03b1ef9460c61/t/58917aca59cc682602b7bef7/1485929181740/six+reasons+canning+is+part+of+a+sustainable+lifestyle+from+www.goingzerowaste.com|February  2, 2017|https://www.goingzerowaste.com/blog/en5aduzmdpad6tcu7lq8peyv0q060u|Going Zero Waste|Reasons Canning is Part Sustainable Lifestyle|
How to Maintain a Healthy Safety Razor|https://static1.squarespace.com/static/55120501e4b03b1ef9460c61/t/589034396a496349b23b4601/1485845693380/How+to+maintain+a+safety+razor+and+fix+it+if+rust+happens+from+www.goingzerowaste.com|January 30, 2017|https://www.goingzerowaste.com/blog/how-to-maintain-a-healthy-safety-razor|Going Zero Waste|Maintain Healthy Safety Razor|
The 5 R's of Zero Waste|https://static1.squarespace.com/static/55120501e4b03b1ef9460c61/t/588ac7d56a49630c2797bf9e/1485490205055/Let%27s+talk+about+the+five+R%27s+of+Zero+Waste%2C+refuse%2C+reduce%2C+reuse%2C+rot%2C+and+recycle+from+www.goingzerowaste.com|January 26, 2017|https://www.goingzerowaste.com/blog/the-5-rs-of-zero-waste|Going Zero Waste|R's Zero Waste|
Where to Donate Unusual Items|https://static1.squarespace.com/static/55120501e4b03b1ef9460c61/t/5886e333f7e0ab5d5e944928/1485235001851/Where+to+donate+unusual+items+like+shoes%2C+bras%2C+eyeglasses+and+more+from+www.goingzerowaste.com|January 23, 2017|https://www.goingzerowaste.com/blog/how-to-donate-or-recycle-unusual-items|Going Zero Waste|Where Donate Unusual Items|
6 Tips for Ditching Paper Towels|https://static1.squarespace.com/static/55120501e4b03b1ef9460c61/t/587da199bf629a799a342eb9/1484628385104/6+tips+for+ditching+paper+towels+from+www.goingzerowaste.com|January 16, 2017|https://www.goingzerowaste.com/blog/6-tips-for-ditching-paper-towels|Going Zero Waste|Tips Ditching Paper Towels|
NULL - title|NULL - image|NULL - date|https://www.goingzerowaste.com/blog/zero-waste-weddings-vs-elopements|Going Zero Waste|NULL - keywords|
Dating with Lifestyle Differences|https://static1.squarespace.com/static/55120501e4b03b1ef9460c61/t/5872fadb440243c6bcd643a5/1483930350587/|January  9, 2017|https://www.goingzerowaste.com/blog/dating-with-lifestyle-differences|Going Zero Waste|Dating Lifestyle Differences|
How Zero Waste is Technology?|https://static1.squarespace.com/static/55120501e4b03b1ef9460c61/t/586f21bcc534a51ae5ef27cb/1483678147810/How+zero+waste+is+technology%3F+Is+it+eco-friendly%3F+How+energy+intensive+is+it%3F+Find+out+more+from+www.goingzerowaste.com|January  5, 2017|https://www.goingzerowaste.com/blog/how-zero-waste-is-technology|Going Zero Waste|Zero Waste is Technology?|
DIY Hydrating Green Tea Face Mask|https://static1.squarespace.com/static/55120501e4b03b1ef9460c61/t/586aff2659cc688787ce6436/1483407225616/DIY+alert%21+Learn+to+make+a+super+hydrating+face+mask+with+green+tea+and+raw+honey+from+www.goingzerowaste.com|January  2, 2017|https://www.goingzerowaste.com/blog/hydrating-green-tea-face-mask|Going Zero Waste|DIY Hydrating Green Tea Face Mask|
Reflecting and Setting Intentions for the New Year|https://static1.squarespace.com/static/55120501e4b03b1ef9460c61/t/5865f95be3df28486af7ee9b/1483078010942/reflecting+and+setting+intentions+for+the+new+year.+2017+is+going+to+be+a+year+of+simplifying+from+www.goingzerowaste.com|December 29, 2016|https://www.goingzerowaste.com/blog/reflecting-and-setting-intentions-for-the-new-year|Going Zero Waste|Reflecting Setting Intentions New Year|
Zero Waste Traveling Tips: Flying and Airports|https://static1.squarespace.com/static/55120501e4b03b1ef9460c61/t/5858418a9de4bb486e20fad8/1482185433732/Going+Zero+Waste%3A+Zero+Waste+Traveling+Tips%3A+Flying+and+Airports|December 19, 2016|https://www.goingzerowaste.com/blog/zero-waste-traveling-tips-flying-and-airports|Going Zero Waste|Zero Waste Traveling Tips: Flying Airports|
5 Tips for Utilizing Your Freezer to Prevent Food Waste|https://static1.squarespace.com/static/55120501e4b03b1ef9460c61/t/585383f8197aea2481de2f7b/1481868303476/5+tips+for+utilizing+your+freezer+to+prevent+food+waste+with+www.goingzerowaste.com+and+love+food+hate+waste.|December 15, 2016|https://www.goingzerowaste.com/blog/how-to-freeze-food-without-plastic-and-prevent-waste|Going Zero Waste|Tips Utilizing Your Freezer Prevent Food Waste|
10 Zero Waste, Eco Friendly Stocking Stuffers|https://static1.squarespace.com/static/55120501e4b03b1ef9460c61/t/584f99de6a496329aedbdb57/1481611762911/10+zero+waste%2C+eco+friendly+stocking+stuffers+from+www.goingzerowaste.com|December 12, 2016|https://www.goingzerowaste.com/blog/10-zero-waste-eco-friendly-stocking-stuffers|Going Zero Waste|Zero Waste, Eco Friendly Stocking Stuffers|
7 Last Minute Zero Waste Gifts|https://static1.squarespace.com/static/55120501e4b03b1ef9460c61/t/5a1a2eab085229dccc9a460a/1511665334124/7+Easy+Last+Minute+Zero+Waste+Gifts+Perfect+for+the+office%2C+hosts%2C+teachers+or+friends+from+www.goingzerowaste.com|December  8, 2016|https://www.goingzerowaste.com/blog/5-last-minute-zero-waste-gifts|Going Zero Waste|Last Minute Zero Waste Gifts|
Zero Waste, Ethical Engagement Rings|https://static1.squarespace.com/static/55120501e4b03b1ef9460c61/t/59e18212f9a61ec559b07203/1507951128389/engagementring.jpg|December  5, 2016|https://www.goingzerowaste.com/blog/zero-waste-engagement-rings|Going Zero Waste|Zero Waste, Ethical Engagement Rings|
Zero Waste Periods: Period Panties and Cloth Pads|https://static1.squarespace.com/static/55120501e4b03b1ef9460c61/t/5840e1e49de4bb461eb979ec/1480647453008/Have+an+eco-friendly%2C+zero+waste+period+by+switching+to+cloth+pads+or+period+panties.+It%27s+better+for+the+environment%2C+your+health%2C+and+it%27s+super+frugal%21+Learn+more+about+this+zero+waste+menstruation+option+at+www.goingzerowaste.com|December  1, 2016|https://www.goingzerowaste.com/blog/zero-waste-periods-period-panties-and-cloth-pads|Going Zero Waste|Zero Waste Periods: Period Panties Cloth Pads|
The Life of a Toothbrush|https://static1.squarespace.com/static/55120501e4b03b1ef9460c61/t/583e5345e3df281220bb826d/1480479597984/Do+you+know+how+many+toothbrushes+are+thrown+out+annually%3F+It%27s+a+small+change+that+we+can+all+make+to+help+the+environment+from+www.goingzerowaste.com|November 29, 2016|https://www.goingzerowaste.com/blog/the-life-of-a-toothbrush|Going Zero Waste|Life Toothbrush|
DIY Tub Scrub|https://static1.squarespace.com/static/55120501e4b03b1ef9460c61/t/583d08d08419c264479cf975/1480396142328/An+easy+way+to+clean+your+tub+without+unnecessary+chemicals.+Zero+waste+and+so+simple+to+make%21+It+will+actually+make+cleaning+your+bathroom+enjoyable+with+www.goingzerowaste.com|November 28, 2016|https://www.goingzerowaste.com/blog/diy-tub-scrub|Going Zero Waste|DIY Tub Scrub|
A Minimalist Routine for the Changing Seasons|https://static1.squarespace.com/static/55120501e4b03b1ef9460c61/t/583547e76a4963bb1825152d/1479886880642/When+the+seasons+change%2C+it%27s+a+great+time+to+take+stock+and+reflect.+You+can+read+more+about+my+routine+involving+zero+waste+and+minimalism+from+www.goingzerowaste.com|November 22, 2016|https://www.goingzerowaste.com/blog/a-minimalist-routine-for-the-changing-seasons|Going Zero Waste|Minimalist Routine Changing Seasons|
Easy Elderberry Syrup|https://static1.squarespace.com/static/55120501e4b03b1ef9460c61/t/582e8f42be65944ef64e0648/1479446343778/Learn+to+make+an+easy+immune+boosting+syrup.+It%27s+an+easy+plastic+free%2Fzero+waste+solution+to+help+knock+out+cold+and+flu+symptoms.+www.goingzerowaste.com|November 17, 2016|https://www.goingzerowaste.com/blog/easy-elderberry-syrup|Going Zero Waste|Easy Elderberry Syrup|
Healthier Peanut Butter, Chocolate Squares|https://static1.squarespace.com/static/55120501e4b03b1ef9460c61/t/582aa5af46c3c41a02690cb9/1479190123325/It%27s+been+a+rough+week.+Instead+of+turning+to+overly+processed+white+sugar%2C+try+making+these+delicious+homemade+peanut+butter+chocolate+bars.+They%27re+zero+waste+and+satiate+your+sweet+tooth.+Get+the+recipe+at+www.goingzerowaste.com|November 14, 2016|https://www.goingzerowaste.com/blog/healthy-peanut-butter-chocolate-squares|Going Zero Waste|Healthier Peanut Butter, Chocolate Squares|
How to Care for the Environment Under a Trump Presidency|https://static1.squarespace.com/static/55120501e4b03b1ef9460c61/t/58255dc446c3c4a876b6d747/1478843869407/how+to+take+personal+action+and+care+for+the+environment+under+a+trump+presidency.|November 10, 2016|https://www.goingzerowaste.com/blog/how-to-care-for-the-environment-under-a-trump-presidency|Going Zero Waste|Care Environment Trump Presidency|
Zero Waste Cleaning with Fillaree|https://static1.squarespace.com/static/55120501e4b03b1ef9460c61/t/581fe84d8419c2732898f656/1478486471673/A+zero+waste%2C+organic+cleaning+company+that+offers+a+refill+program+learn+more+at+www.goingzerowaste.com|November  6, 2016|https://www.goingzerowaste.com/blog/zero-waste-cleaning-with-fillaree|Going Zero Waste|Zero Waste Cleaning Fillaree|
Dental Checkup: DIY Toothpowder Results|https://static1.squarespace.com/static/55120501e4b03b1ef9460c61/t/581c0fd42994caede116de51/1478237485141/Does+a+DIY+oral+hygiene+routine+work+as+well+as+the+store+bought+stuff%3F+After+a+year+of+using+homemade%2C+zero+waste+mouthwash%2C+toothpowder%2C+and+water+piking%2C+find+out+the+results.....|November  3, 2016|https://www.goingzerowaste.com/blog/dental-checkup-diy-toothpowder-results|Going Zero Waste|Dental Checkup: DIY Toothpowder Results|
15 Simple Ways to Save Money on Real Food|https://static1.squarespace.com/static/55120501e4b03b1ef9460c61/t/5819720ee4fcb5b11486c033/1478062611339/15+simple+ways+to+save+money+on+groceries+from+www.goingzerowaste.com|November  1, 2016|https://www.goingzerowaste.com/blog/15-simple-ways-to-save-money-on-real-food|Going Zero Waste|Simple Ways Save Money Real Food|
Zero Waste at Special Events|https://static1.squarespace.com/static/55120501e4b03b1ef9460c61/t/5812bdd7d1758ece9cfe7828/1477623300352/How+do+you+stay+zero+waste+at+special+events%3F+Out+of+the+ordinary+events+provide+conundrums+for+minimalist+too+find+out+more+at+www.goingzerowaste.com|October 27, 2016|https://www.goingzerowaste.com/blog/zero-waste-at-special-events|Going Zero Waste|Zero Waste Special Events|
My Favorite Zero Waste Blogs|https://static1.squarespace.com/static/55120501e4b03b1ef9460c61/t/580ecbab440243d87316e3fe/1477364656177/My+favorite+zero+waste+bloggers+from+www.goingzerowaste.com|October 24, 2016|https://www.goingzerowaste.com/blog/my-favorite-zero-waste-resources|Going Zero Waste|Favorite Zero Waste Blogs|
How to Filter Water Without Plastic|https://static1.squarespace.com/static/55120501e4b03b1ef9460c61/t/5809875de6f2e153021ac351/1477019548345/Learn+how+to+filter+water+without+plastic.+Say+goodbye+to+your+brita.+Save+money+and+save+the+planet+with+this+eco-friendly+choice.|October 20, 2016|https://www.goingzerowaste.com/blog/filter-water-without-plastic-use-a-charcoal-stick|Going Zero Waste|Filter Water Plastic|
The Race to Zero Waste|https://static1.squarespace.com/static/55120501e4b03b1ef9460c61/t/58059cd8579fb37bad15e416/1476762859947/The+race+to+zero+waste+with+www.goingzerowaste.com.|October 17, 2016|https://www.goingzerowaste.com/blog/the-race-to-zero-waste|Going Zero Waste|Race Zero Waste|
A Zero Waste Guide to Receiving Gifts|https://static1.squarespace.com/static/55120501e4b03b1ef9460c61/t/583bdaa94402431df9320c6b/1480317614932/How+do+you+handle+receiving+gifts+when+they+don%27t+fit+in+with+the+zero+waste+lifestyle%3F+www.goingzerowaste.com|October 13, 2016|https://www.goingzerowaste.com/blog/a-zero-waste-guide-to-receiving-gifts|Going Zero Waste|Zero Waste Guide Receiving Gifts|
Zero Waste Periods: Menstrual Cup|https://static1.squarespace.com/static/55120501e4b03b1ef9460c61/t/57fc5e40e3df285381eda851/1476157104324/Have+an+eco-friendly+period+by+switching+to+a+menstrual+cup.+It%27s+better+for+the+environment%2C+your+health%2C+and+it%27s+super+frugal%21+Learn+more+about+this+zero+waste+option+at+www.goingzerowaste.com|October 10, 2016|https://www.goingzerowaste.com/blog/zero-waste-periods-menstrual-cup|Going Zero Waste|Zero Waste Periods: Menstrual Cup|
Zero Waste Meal Prep: Week Seven|https://static1.squarespace.com/static/55120501e4b03b1ef9460c61/t/57fad6789de4bb31e60d8a07/1476056704905/Zero+waste+meal+plan+week+7+with+www.goingzerowaste.com.+Avoid+food+waste+and+save+money+by+meal+planning.|October  9, 2016|https://www.goingzerowaste.com/blog/zero-waste-meal-plan-week-seven|Going Zero Waste|Zero Waste Meal Prep: Week Seven|
Ethical Halloween Costumes: Plus Six Costumes You Have in Your Closet|https://static1.squarespace.com/static/55120501e4b03b1ef9460c61/t/57f718a3f5e23175d8f00170/1475811566802/Quick+and+easy+halloween+costumes.+An+ethical+and+eco-friendly+Halloween+has+never+looked+better.+Six+easy+costumes+you+can+make+from+what+you+already+have+in+your+closet+find+out+more+on+www.goingzerowaste.com|October  6, 2016|https://www.goingzerowaste.com/blog/ethical-halloween-costumes-with-clothes-you-have-in-your-closet|Going Zero Waste|Ethical Halloween Costumes: Six Costumes You Have Your Closet|
Easy Banana Muffins|https://static1.squarespace.com/static/55120501e4b03b1ef9460c61/t/57f32b31d2b857168fe76c77/1475554102815/Learn+how+to+make+easy+banana+muffins%21+Perfect+for+back+to+school.+You+can+even+double+the+batch+and+freeze+them+for+hectic+mornings.+Get+the+recipe+at+www.goingzerowaste.com|October  3, 2016|https://www.goingzerowaste.com/blog/easy-banana-muffins|Going Zero Waste|Easy Banana Muffins|
Meal Planning When Life Throws You a Curveball|https://static1.squarespace.com/static/55120501e4b03b1ef9460c61/t/57f19e1015d5dbf1ae39533f/1475452526937/Meal+planning+is+easy+when+life+is+going+according+to+schedule.+Get+my+tips+for+keeping+real+food+on+the+table+during+the+more+turbulent+times+in+life+from+www.goingzerowaste.com|October  2, 2016|https://www.goingzerowaste.com/blog/meal-planning-when-life-throws-you-a-curveball|Going Zero Waste|Meal Planning When Life Throws You Curveball|
What Do Zero Waste and Minimalism Have in Common?|https://static1.squarespace.com/static/55120501e4b03b1ef9460c61/t/57edfa3303596ef5ded60b41/1475213890114/What+Do+Zero+Waste+and+Minimalism+Have+in+Common%3F|September 29, 2016|https://www.goingzerowaste.com/blog/what-do-zero-waste-and-minimalism-have-in-common|Going Zero Waste|What Do Zero Waste Minimalism Have Common?|
How to Freeze a Week's Worth of Smoothies|https://static1.squarespace.com/static/55120501e4b03b1ef9460c61/t/57e82273893fc044358b2a9d/1474834305757/Morning+Hack%3A+did+you+know+you+can+freeze+smoothies%3F+Simplify+your+mornings+and+only+wash+the+blender+once.+Saving+water+is+eco+friendly+-+right%3F+Learn+more+on+www.goingzerowaste.com|September 26, 2016|https://www.goingzerowaste.com/blog/you-can-freeze-smoothies|Going Zero Waste|Freeze Week's Worth Smoothies|
How to Throw a Zero Waste Halloween Party|https://static1.squarespace.com/static/55120501e4b03b1ef9460c61/t/57e492fcff7c50e6a89fcda1/1474597817632/How+to+throw+a+zero+waste+halloween+party.+Learn+how+to+make+a+cauliflower+brain+and+make+a+healthy+spread+with+www.goingzerowaste.com.|September 22, 2016|https://www.goingzerowaste.com/blog/zero-waste-halloween-party|Going Zero Waste|Throw Zero Waste Halloween Party|
Everything You Want to Know About Zero Waste|https://static1.squarespace.com/static/55120501e4b03b1ef9460c61/t/57daf116e58c6276338b0497/1473997358750/Everything+you+want+to+know+about+zero+waste%21+I+took+all+of+your+questions+and+compiled+a+video.+Let+me+know+if+there%27s+anything+else+you+want+to+know+about+minimalism%2C+natural+living%2C+and+sustainability.|September 15, 2016|https://www.goingzerowaste.com/blog/everything-you-want-to-know-about-zero-waste|Going Zero Waste|Everything You Want Know Zero Waste|
13 Unexpected Uses for a Mason Jar|https://static1.squarespace.com/static/55120501e4b03b1ef9460c61/t/57d784ed6a4963283a2c9fad/1473742073584/13+Unexpected+Uses+for+a+Mason+Jar.+The+ultimate+multi-tasking+tool+for+any+eco+friendly+and+zero+waste+kitchen+from+www.goingzerowaste.com|September 12, 2016|https://www.goingzerowaste.com/blog/13-unexpected-uses-for-a-mason-jar|Going Zero Waste|Unexpected Uses Mason Jar|
Zero Waste, Meal Prep Week Six|https://static1.squarespace.com/static/55120501e4b03b1ef9460c61/t/57d5d786cd0f68a33d460a2c/1473632136494/image.jpg|September 11, 2016|https://www.goingzerowaste.com/blog/zero-waste-meal-prep-week-six|Going Zero Waste|Zero Waste, Meal Prep Week Six|
How to Make a 5 Minute Meal Plan|https://static1.squarespace.com/static/55120501e4b03b1ef9460c61/t/57d0e670d1758ee6334fcd7d/1473308280280/Meal+planning+is+the+key+to+eating+healthy+and+preventing+food+waste.+Find+out+how+to+make+a+5+minute+meal+plan.+It%27s+quick%2C+easy%2C+and+eco-friendly.+Find+out+more+on+the+zero+waste+blog+www.goingzerowaste.com|September  8, 2016|https://www.goingzerowaste.com/blog/how-to-make-a-five-minute-meal-plan|Going Zero Waste|Make Minute Meal Plan|
How to Make Non-Greasy Lotion|https://static1.squarespace.com/static/55120501e4b03b1ef9460c61/t/57cf8ca8b3db2baa766a3ddb/1473219810097/Learn+how+to+DIY+an+easy%2C+non-greasy+lotion.+It%27s+frugal%2C+eco-friendly%2C+and+best+of+all+amazing+for+your+skin%21+Learn+how+with+www.goingzerowaste.com|September  6, 2016|https://www.goingzerowaste.com/blog/diy-lotion|Going Zero Waste|Make Non-Greasy Lotion|
Zero Waste, Meal Prep Week Five|https://static1.squarespace.com/static/55120501e4b03b1ef9460c61/t/57ce3c969de4bb69fad3efcc/1473133764418/A+zero+waste%2C+meal+prep+from+www.goingzerowaste.com.|September  5, 2016|https://www.goingzerowaste.com/blog/zero-waste-meal-prep-week-five|Going Zero Waste|Zero Waste, Meal Prep Week Five|
Zero Waste Takeout|https://static1.squarespace.com/static/55120501e4b03b1ef9460c61/t/57c8f997e3df2808f0a5b7cc/1472788927916/Get+takeout+without+creating+any+waste+or+trash%21+It%27s+easy+to+be+eco+friendly.+Check+out+my+tips+for+zero+waste+takeout+from+www.goingzerowaste.com%2C+with+a+youtube+video%21|September  1, 2016|https://www.goingzerowaste.com/blog/zero-waste-takeout|Going Zero Waste|Zero Waste Takeout|
NULL - title|NULL - image|NULL - date|https://www.goingzerowaste.com/blog/how-to-repel-bugs-naturally|Going Zero Waste|NULL - keywords|
Meal Prep Week Four|https://static1.squarespace.com/static/55120501e4b03b1ef9460c61/t/57c3b6a02994ca285170f83a/1472444102563/A+zero+waste+meal+prep+with+a+full+itemized+shopping+list+from+the+bulk+store+from+www.goingzerowaste.com|August 28, 2016|https://www.goingzerowaste.com/blog/meal-prep-week-four|Going Zero Waste|Meal Prep Week Four|
8 Uses for a Nut Milk Bag + Almond Milk Recipe|https://static1.squarespace.com/static/55120501e4b03b1ef9460c61/t/57bfd15c9f7456b465a58491/1472188816261/Eight+uses+for+a+nut+milk+bag%2C+plus+a+recipe+for+almond+milk+from+www.goingzerowaste.com|August 25, 2016|https://www.goingzerowaste.com/blog/7-uses-for-a-nut-milk-bag-almond-milk-recipe|Going Zero Waste|Uses Nut Milk Bag + Almond Milk Recipe|
Be Zero: A World Wide Conservation Effort|https://static1.squarespace.com/static/55120501e4b03b1ef9460c61/t/57bbb1d53e00be03ee9a2755/1471918602529/An+interview+with+Be+Zero+a+non-profit+organization+focusing+on+a+world+wide+conservation+effort+with+www.goingzerowaste.com|August 22, 2016|https://www.goingzerowaste.com/blog/be-zero-a-world-wide-conservation-effort|Going Zero Waste|Be Zero: World Wide Conservation Effort|
Meal Prep Week Three|https://static1.squarespace.com/static/55120501e4b03b1ef9460c61/t/57b904ea3e00be38aec4c5d5/1471743226452/A+zero+waste+plant+based+meal+prep+from+www.goingzerowaste.com|August 20, 2016|https://www.goingzerowaste.com/blog/meal-prep-week-three|Going Zero Waste|Meal Prep Week Three|
DIY Mineral Sunscreen|https://static1.squarespace.com/static/55120501e4b03b1ef9460c61/t/57b6741ad1758ee9c0f861d1/1471575137050/A+natural+30+SPF+sunscreen.+Learn+how+to+make+a+zero+waste+mineral+sunscreen+with+www.goingzerowaste.com|August 18, 2016|https://www.goingzerowaste.com/blog/diy-mineral-sunscreen|Going Zero Waste|DIY Mineral Sunscreen|
Zero Waste Camping|https://static1.squarespace.com/static/55120501e4b03b1ef9460c61/t/57ad488420099e7018addc02/1470974231464/A+zero+waste+camping+trip+from+www.goingzerowaste.com|August 11, 2016|https://www.goingzerowaste.com/blog/zero-waste-camping|Going Zero Waste|Zero Waste Camping|
My Top 5: Zero Waste, Back to School Snacks|https://static1.squarespace.com/static/55120501e4b03b1ef9460c61/t/57a95ed844024364580d6b70/1470717682759/My+top+5+favorite%2C+zero+waste+back+to+school+snacks+from+www.goingzerowaste.com|August  8, 2016|https://www.goingzerowaste.com/blog/zero-waste-back-to-school-snacks|Going Zero Waste|Top 5: Zero Waste, Back School Snacks|
NULL - title|NULL - image|NULL - date|https://www.goingzerowaste.com/blog/do-you-know-what-your-car-is-made-of|Going Zero Waste|NULL - keywords|
Zero Waste Travel: Toiletry Kit Camping Edition|https://static1.squarespace.com/static/55120501e4b03b1ef9460c61/t/57a0053fb8a79be38de73622/1470105355899/A+zero+waste+travel+toiletry+kit+for+camping+from+www.goingzerowaste.com|August  1, 2016|https://www.goingzerowaste.com/blog/zero-waste-travel-toiletry-kit|Going Zero Waste|Zero Waste Travel: Toiletry Kit Camping Edition|
Zero Waste Meal Plan: Week Two|https://static1.squarespace.com/static/55120501e4b03b1ef9460c61/t/579d8937e3df287f006becab/1469942160663/Weekly+meal+plans+from+www.goingzerowaste.com.+Eating+organic%2C+staying+on+a+budget+of+%24250+a+month+for+two+people%2C+and+producing+no+trash.|July 30, 2016|https://www.goingzerowaste.com/blog/zero-waste-meal-plan-week-2|Going Zero Waste|Zero Waste Meal Plan: Week Two|
Pulled Jackfruit Tacos|https://static1.squarespace.com/static/55120501e4b03b1ef9460c61/t/579ac715c534a56d0cd936a6/1469761326737/How+to+make+pulled+jackfruit+tacos+a+delicious+vegan+meal+from+www.goingzerowaste.com|July 28, 2016|https://www.goingzerowaste.com/blog/pulled-jackfruit-tacos|Going Zero Waste|Pulled Jackfruit Tacos|
Reusable Bags Made Easy|https://static1.squarespace.com/static/55120501e4b03b1ef9460c61/t/5796d99cff7c508d10db2a97/1469503905979/Reusable+bags+made+easy+plus+3+tips+to+help+you+remember+to+bring+them+with+you+to+the+store+from+www.goingzerowaste.com|July 25, 2016|https://www.goingzerowaste.com/blog/reusable-bags-made-easy|Going Zero Waste|Reusable Bags Made Easy|
Zero Waste Meal Plan Week 1|https://static1.squarespace.com/static/55120501e4b03b1ef9460c61/t/5794f8baebbd1a3518b556bb/1469380814324/Zero+waste+meal+prep+with+www.goingzerowaste.com|July 24, 2016|https://www.goingzerowaste.com/blog/zero-waste-meal-plan-week-1|Going Zero Waste|Zero Waste Meal Plan Week|
How to Make a 4 in 1 Soap Bar|https://static1.squarespace.com/static/55120501e4b03b1ef9460c61/t/5796e8b52994ca080a531186/1469507799809/How+to+make+a+4+in+1+soap+%28body%2C+face%2C+shave%2C+and+shampoo%29+bar+plus+7+tips+for+how+to+wash+with+one+from+www.goingzerowaste.com|July 21, 2016|https://www.goingzerowaste.com/blog/how-to-make-a-shampoo-bar|Going Zero Waste|Make Soap Bar|
About Compromising|https://static1.squarespace.com/static/55120501e4b03b1ef9460c61/t/578d91361b631b9b89ba5e81/1468895558828/|July 18, 2016|https://www.goingzerowaste.com/blog/how-to-compromise|Going Zero Waste|Compromising|
DIY Sugar Scrub|https://static1.squarespace.com/static/55120501e4b03b1ef9460c61/t/583bc848414fb5b3978595cc/1480312935151/How+to+make+a+sugar+scrub+with+www.goingzerowaste.com%2C+customize+it+with+three+add+in+options.|July 15, 2016|https://www.goingzerowaste.com/blog/face-scrub|Going Zero Waste|DIY Sugar Scrub|
Zero Waste Exceptions: What I Still Buy in Packaging|https://static1.squarespace.com/static/55120501e4b03b1ef9460c61/t/5786f40ec534a55abe890bc4/1468462151706/Zero+waste+exceptions.+What+does+a+zero+waster+still+buy+in+packaging%3F+www.goingzerowaste.com|July 13, 2016|https://www.goingzerowaste.com/blog/zero-waste-exceptions-what-i-still-buy-in-a-package|Going Zero Waste|Zero Waste Exceptions: What I Still Buy Packaging|
Fighting Food Waste with Chef Charlie Ayers|https://static1.squarespace.com/static/55120501e4b03b1ef9460c61/t/5781807315d5db8fe5632db9/1468104854370/Learn+about+food+waste+with+Charlie+Ayers+the+head+chef+at+Google+and+now+his+own+restaurant+Califia+Cafe+with+www.goingzerowaste.com|July 11, 2016|https://www.goingzerowaste.com/blog/fighting-food-waste-with-chef-charlie-ayers|Going Zero Waste|Fighting Food Waste Chef Charlie Ayers|
All Natural Bleach Alternative|https://static1.squarespace.com/static/55120501e4b03b1ef9460c61/t/577c73cf414fb56605dda03f/1467773946995/An+all+natural%2C+safe%2C+effective+alternative+to+cholorine+bleach+from+www.goingzerowaste.com|July  7, 2016|https://www.goingzerowaste.com/blog/all-natural-bleach-alternative|Going Zero Waste|All Natural Bleach Alternative|
Zero Waste Challenge Day 30: Live Local|https://static1.squarespace.com/static/55120501e4b03b1ef9460c61/t/5774795bb3db2b317b69598e/1467251078679/The+last+day+of+the+zero+waste+challenge%21+Living+local+is+a+huge+part+of+the+zero+waste+life.+I+encourage+you+to+get+out+and+discover+your+town.+Get+to+know+your+small+business+owners+with+www.goingzerowaste.com|June 29, 2016|https://www.goingzerowaste.com/blog/zero-waste-challenge-day-30-live-local|Going Zero Waste|Zero Waste Challenge 30: Live Local|
Zero Waste Challenge Day 28: Food Waste|https://static1.squarespace.com/static/55120501e4b03b1ef9460c61/t/5771dc2aff7c5003505a2869/1467079723470/image.jpg|June 27, 2016|https://www.goingzerowaste.com/blog/zero-waste-challenge-day-28-food-waste|Going Zero Waste|Zero Waste Challenge 28: Food Waste|
Zero Waste Challenge 27: Bamboo Dish Scrubs|https://static1.squarespace.com/static/55120501e4b03b1ef9460c61/t/5770ba9b20099e977d15cea3/1467005596694/image.jpg|June 26, 2016|https://www.goingzerowaste.com/blog/zero-waste-challenge-27-bamboo-dish-scrubs|Going Zero Waste|Zero Waste Challenge 27: Bamboo Dish Scrubs|
Zero Waste Challenge Day 25: Toilet Paper|https://static1.squarespace.com/static/55120501e4b03b1ef9460c61/t/576db0c7197aea0dc65bf1b7/1466810270716/You+can+be+zero+waste+and+still+use+toilet+paper%21+The+toilet+paper+industry+is+unsustainable%2C+but+not+all+choices+are+bad%21+Check+out+my+list+of+sustainable+options+on+www.goingzerowaste.com|June 24, 2016|https://www.goingzerowaste.com/blog/zero-waste-challenge-day-25-toilet-paper|Going Zero Waste|Zero Waste Challenge 25: Toilet Paper|
Zero Waste Challenge Day 22: Cloth Napkins|https://static1.squarespace.com/static/55120501e4b03b1ef9460c61/t/5769edb8b8a79b7193d0e918/1466559928620/image.jpg|June 21, 2016|https://www.goingzerowaste.com/blog/zero-waste-challenge-day-22-cloth-napkins|Going Zero Waste|Zero Waste Challenge 22: Cloth Napkins|
Zero Waste Challenge Day 20: Grocery Shopping|https://static1.squarespace.com/static/55120501e4b03b1ef9460c61/t/576730c2b8a79b23388623bb/1466380512317/Day+20+of+the+zero+waste+challenge%21+Get+down+to+the+grocery+store%21|June 19, 2016|https://www.goingzerowaste.com/blog/zero-waste-challenge-day-19-grocery-shopping|Going Zero Waste|Zero Waste Challenge 20: Grocery Shopping|
Zero Waste Challenge Day 18: Snacks|https://static1.squarespace.com/static/55120501e4b03b1ef9460c61/t/576499cb15d5db346152f7b5/1466216161774/Zero+Waste+Challenge+day+18%21+A+list+of+easy+unpackaged+snacks+that+are+easy+to+transport+with+www.goingzerowaste.com|June 17, 2016|https://www.goingzerowaste.com/blog/zero-waste-challenge-day-18-snacks|Going Zero Waste|Zero Waste Challenge 18: Snacks|
Zero Waste Challenge Day 17: Zero Waste Summer Activities for Kids|https://static1.squarespace.com/static/55120501e4b03b1ef9460c61/t/576325e1c534a57f8bb5c2df/1466115553377/image.jpg|June 17, 2016|https://www.goingzerowaste.com/blog/zero-waste-challenge-day-17-summer-activities-for-kids|Going Zero Waste|Zero Waste Challenge 17: Zero Waste Summer Activities Kids|
Zero Waste Challenge Day 15: Farmers Market|https://static1.squarespace.com/static/55120501e4b03b1ef9460c61/t/575f47a73c44d87412c0ed50/1465875095104/Day+15+of+the+Zero+Waste+challenge%21+Get+down+to+your+local+farmers+market+with+www.goingzerowaste.com|June 14, 2016|https://www.goingzerowaste.com/blog/zero-waste-challenge-day-15-farmers-markets|Going Zero Waste|Zero Waste Challenge 15: Farmers Market|
Zero Waste Challenge Day 13: Repair|https://static1.squarespace.com/static/55120501e4b03b1ef9460c61/t/575def831d07c01d404e3631/1465799447554/Day+13+of+the+zero+waste+challenge%21+Learn+to+make+minor+repairs%2C+or+get+to+know+someone+who+can.+Extend+the+life+of+your+belongings.|June 12, 2016|https://www.goingzerowaste.com/blog/zero-waste-challenge-day-13-repair|Going Zero Waste|Zero Waste Challenge 13: Repair|
Zero Waste Challenge Day 12: Meal Prep|https://static1.squarespace.com/static/55120501e4b03b1ef9460c61/t/575ca13659827eb21b7427d6/1465688376039/image.jpg|June 11, 2016|https://www.goingzerowaste.com/blog/zero-waste-challenge-day-12-meal-prep|Going Zero Waste|Zero Waste Challenge 12: Meal Prep|
Zero Waste Challenge Day 11: Line Dry|https://static1.squarespace.com/static/55120501e4b03b1ef9460c61/t/575b494bf85082971fc8a668/1465600334586/image.jpg|June 10, 2016|https://www.goingzerowaste.com/blog/zero-waste-challenge-day-11-line-dry|Going Zero Waste|Zero Waste Challenge 11: Line Dry|
Zero Waste Challenge Day 10: Green Pets|https://static1.squarespace.com/static/55120501e4b03b1ef9460c61/t/575b0fe42eeb814a65bab5df/1465585660673/|June 10, 2016|https://www.goingzerowaste.com/blog/zero-waste-challenge-day-10-green-pets|Going Zero Waste|Zero Waste Challenge 10: Green Pets|
Zero Waste Challenge Day 9: Compost|https://static1.squarespace.com/static/55120501e4b03b1ef9460c61/t/57599569f850822f45dbfd92/1465488762279/Day+9+of+the+zero+waste+challenge%21+Get+your+compost+on%21|June  9, 2016|https://www.goingzerowaste.com/blog/zero-waste-challenge-day-9-compost|Going Zero Waste|Zero Waste Challenge 9: Compost|
Zero Waste Challenge Day 8: Declutter|https://static1.squarespace.com/static/55120501e4b03b1ef9460c61/t/57583f8d37013b37415b026b/1465401274705/Day+8+of+the+zero+waste+challenge%21+Declutter.+Clear+your+stuff%2C+clear+your+mind.|June  8, 2016|https://www.goingzerowaste.com/blog/zero-waste-challenge-day-8-declutter|Going Zero Waste|Zero Waste Challenge 8: Declutter|
Zero Waste Challenge Day 7: BBQ|https://static1.squarespace.com/static/55120501e4b03b1ef9460c61/t/57564e988a65e2fb344bf723/1465274031541/Day+seven+of+the+zero+waste+challenge%21+How+to+have+a+zero+waste+bbq+for+the+summer.|June  6, 2016|https://www.goingzerowaste.com/blog/zero-waste-challenge-day-7-bbq|Going Zero Waste|Zero Waste Challenge 7: BBQ|
Zero Waste Challenge Day 6: Handkerchiefs|https://static1.squarespace.com/static/55120501e4b03b1ef9460c61/t/57559a1f8a65e2cb6419bd3d/1465228845330/Day+six+of+the+zero+waste+challenge%21+Use+a+handkerchief+and+say+goodbye+to+a+chapped+nose%21|June  6, 2016|https://www.goingzerowaste.com/blog/zero-waste-challenge-day-6-handkerchiefs|Going Zero Waste|Zero Waste Challenge 6: Handkerchiefs|
Zero Waste Challenge Day 5: Get Outside|https://static1.squarespace.com/static/55120501e4b03b1ef9460c61/t/5754545c4c2f85bf961adae3/1465144438975/Day+five+of+the+zero+waste+challenge%21+Get+out+side.+Nature+is+restorative%2C+practice+it+everyday.|June  5, 2016|https://www.goingzerowaste.com/blog/get-outside|Going Zero Waste|Zero Waste Challenge 5: Get Outside|
Zero Waste Challenge Day 4: Save Water|https://static1.squarespace.com/static/55120501e4b03b1ef9460c61/t/57523b9445bf218cabd861e3/1465007029010/Day+four+of+the+zero+waste+challenge%21+Practice+saving+water+with+my+top+10+tips%21|June  3, 2016|https://www.goingzerowaste.com/blog/zero-waste-challenge-day-4-save-water|Going Zero Waste|Zero Waste Challenge 4: Save Water|
Zero Waste Challenge Day 3: Pack a Picnic|https://static1.squarespace.com/static/55120501e4b03b1ef9460c61/t/57506efae707eb520d0eb2a6/1464889085459/image.jpg|June  2, 2016|https://www.goingzerowaste.com/blog/zero-waste-picnic|Going Zero Waste|Zero Waste Challenge 3: Pack Picnic|
Zero Waste Challenge Day 2: Reusable Water Bottle|https://static1.squarespace.com/static/55120501e4b03b1ef9460c61/t/574f8f6162cd9477002cb158/1464832205725/Zero+Waste+Challenge+Day+2%3A+Bring+a+reusable+water+bottle+with+you%21|June  1, 2016|https://www.goingzerowaste.com/blog/reusable-water-bottle|Going Zero Waste|Zero Waste Challenge 2: Reusable Water Bottle|
Zero Waste Challenge Day 1: Say No to Straws|https://static1.squarespace.com/static/55120501e4b03b1ef9460c61/t/574e543560b5e93b27fa59ff/1464751213491/Day+one+of+the+zero+waste+challenge%3A+Say+No+to+Straws%21+from+www.goingzerowaste.com+and+bezero.org|May 31, 2016|https://www.goingzerowaste.com/blog/zero-waste-challenge-day-1-say-no-to-straws|Going Zero Waste|Zero Waste Challenge 1: Say Straws|
30 Day Zero Waste Challenge|https://static1.squarespace.com/static/55120501e4b03b1ef9460c61/t/574a3ad0b09f953f29749fc2/1464482518722/30+Day+Zero+Waste+Challenge.+Can+you+reduce+your+impact+and+trash+in+30+days%3F+Follow+along+with+daily+challenges+from+www.goingzerowaste.com+and+www.bezero.org.|May 30, 2016|https://www.goingzerowaste.com/blog/30-day-zero-waste-challenge|Going Zero Waste|Zero Waste Challenge|
Zero Waste Kitchen Essentials|https://static1.squarespace.com/static/55120501e4b03b1ef9460c61/t/5747cfea27d4bd2457749fd0/1464324084938/Zero+Waste+Kitchen+Essentials+from+www.goingzerowaste.com|May 26, 2016|https://www.goingzerowaste.com/blog/zero-waste-kitchen-essentials|Going Zero Waste|Zero Waste Kitchen Essentials|
Zero Waste Eyeliner and Mascara|https://static1.squarespace.com/static/55120501e4b03b1ef9460c61/t/57424c08e707eb889472bccb/1464053308798/Easy+homemade%2C+zero+waste+eyeliner+from+www.goingzerowaste.com|May 23, 2016|https://www.goingzerowaste.com/blog/zero-waste-eyeliner-and-mascara|Going Zero Waste|Zero Waste Eyeliner Mascara|
3 Ingredient Blackhead Busting Face Mask|https://static1.squarespace.com/static/55120501e4b03b1ef9460c61/t/583bb2bbbe6594d45ae136fd/1480308595751/An+easy+three+ingredient+blackhead+busting+face+mask+that+you+can+make+with+pantry+staples+from+www.goingzerowaste.com|May 16, 2016|https://www.goingzerowaste.com/blog/3-ingredient-blackhead-busting-face-mask|Going Zero Waste|Ingredient Blackhead Busting Face Mask|
Oven Fried Buffalo Cauliflower Lettuce Wraps|https://static1.squarespace.com/static/55120501e4b03b1ef9460c61/t/572fbfc0b6aa60ffc68d3fbf/1462747131269/Oven+fried+buffalo+cauliflower+lettuce+wraps%21+A+filling+dinner+that+won%27t+weigh+you+down.+A+perfect+dinner+for+warm+weather+from+www.goingzerowaste.com|May 12, 2016|https://www.goingzerowaste.com/blog/oven-fried-buffalo-cauliflower-lettuce-wraps|Going Zero Waste|Oven Fried Buffalo Cauliflower Lettuce Wraps|
The Problem with Palm Oil|https://static1.squarespace.com/static/55120501e4b03b1ef9460c61/t/572e949bd51cd470837635e2/1462670559797/Read+more+about+the+devastating+effects+of+palm+oil+on+the+rainforest+and+it%27s+inhabitants.+A+list+of+foods+and+everyday+products+you+can+avoid+with+www.goingzerowaste.com|May  9, 2016|https://www.goingzerowaste.com/blog/the-problem-with-palm-oil|Going Zero Waste|Problem Palm Oil|
How to Stock a Zero Waste Pantry|https://static1.squarespace.com/static/55120501e4b03b1ef9460c61/t/572ad3fee3214012ea2a63a8/1462424587522/How+to+stock+a+zero+waste+pantry+from+www.goingzerowaste.com|May  5, 2016|https://www.goingzerowaste.com/blog/how-to-stock-a-zero-waste-pantry|Going Zero Waste|Stock Zero Waste Pantry|
Zero Waste and Roommates|https://static1.squarespace.com/static/55120501e4b03b1ef9460c61/t/572ad3d08259b562a89ead74/1462424548279/Can+you+reduce+your+waste+while+you+have+roommates%3F+www.goingzerowaste.com|May  3, 2016|https://www.goingzerowaste.com/blog/zero-waste-and-roommates|Going Zero Waste|Zero Waste Roommates|
Zero Waste All Purpose Cleaner|https://static1.squarespace.com/static/55120501e4b03b1ef9460c61/t/571ec92520c647eafdc29a77/1461635413774/Clean+your+home+with+two+all+natural%2C+zero+waste%2C+all-purpose+cleaners+from+www.goingzerowaste.com|April 25, 2016|https://www.goingzerowaste.com/blog/zero-waste-all-purpose-cleaner|Going Zero Waste|Zero Waste All Purpose Cleaner|
Dentist Approved Toothpowder + Brush With Bamboo|https://static1.squarespace.com/static/55120501e4b03b1ef9460c61/t/57186124d210b8b47c2493e2/1461215771408/A+dentist+approved+tooth+powder+and+brush+with+bamboo+for+a+zero+waste+smile+with+www.goingzerowaste.com|April 21, 2016|https://www.goingzerowaste.com/blog/dentist-approved-toothpowder-recipe-brush-with-bamboo|Going Zero Waste|Dentist Approved Toothpowder + Brush Bamboo|
Can You Shop Online and Be Zero Waste?|https://static1.squarespace.com/static/55120501e4b03b1ef9460c61/t/57144f43d210b8c89822de29/1460948832315/Can+you+shop+online+and+be+zero+waste%3F+What+do+you+think%3F+Read+more+about+this+modern+day+conundrum+on+www.goingzerowaste.com|April 18, 2016|https://www.goingzerowaste.com/blog/can-you-shop-online-and-be-zero-waste|Going Zero Waste|Can You Shop Online Be Zero Waste?|
Zero Waste Junk Food|https://static1.squarespace.com/static/55120501e4b03b1ef9460c61/t/571048a2f850828b89aaab52/1460685016893/Giving+up+packaging+does+not+mean+giving+up+junk+food+for+good.+We+all+have+to+indulge+occasionally+-+check+out+my+top+10+favorite+junk+foods%21+www.goingzerowaste.com|April 14, 2016|https://www.goingzerowaste.com/blog/zero-waste-junk-food|Going Zero Waste|Zero Waste Junk Food|
How to Pack a Zero Waste Lunch|https://static1.squarespace.com/static/55120501e4b03b1ef9460c61/t/570c65602eeb81a7d9f4735c/1460430197473/How+to+pack+a+zero+waste+lunch%2C+plus+10+meal+ideas+from+www.goingzerowaste.com|April 11, 2016|https://www.goingzerowaste.com/blog/zero-waste-lunches|Going Zero Waste|Pack Zero Waste Lunch|
Is it better to buy second hand or new and sustainable?|https://static1.squarespace.com/static/55120501e4b03b1ef9460c61/t/57033a0627d4bdaccf424d27/1459829272998/Is+it+better+to+buy+secondhand+or+new+and+sustainable%3F|April  4, 2016|https://www.goingzerowaste.com/blog/is-it-better-to-buy-second-hand-or-new-and-sustainable|Going Zero Waste|Is it better buy second hand new sustainable?|
Zero Waste Lip Balm|https://static1.squarespace.com/static/55120501e4b03b1ef9460c61/t/56fe014101dbaeebf278c8b4/1459487055685/Learn+how+to+make+vegan%2C+zero+waste%2C+lip+balm+with+www.goingzerowaste.com|March 31, 2016|https://www.goingzerowaste.com/blog/zero-waste-lip-balm|Going Zero Waste|Zero Waste Lip Balm|
The Five Rules of Personal Sustainability|https://static1.squarespace.com/static/55120501e4b03b1ef9460c61/t/583bac2a8419c204f7302026/1480305713615/The+five+rules+of+personal+sustainability+by+www.goingzerowaste.com|March 28, 2016|https://www.goingzerowaste.com/blog/the-five-rules-of-personal-sustainability|Going Zero Waste|Five Rules Personal Sustainability|
Benefits of Aromatic Showers With Eucalyptus|https://static1.squarespace.com/static/55120501e4b03b1ef9460c61/t/56f496dbecb9287a7013a595/1458870034049/Learn+the+benefits+of+tying+eucalyptus+to+your+shower+head+with+www.goingzerowaste.com|March 24, 2016|https://www.goingzerowaste.com/blog/benefits-of-aromatic-showers-with-eucalyptus|Going Zero Waste|Benefits Aromatic Showers Eucalyptus|
Homemade, Zero Waste Mouthwash|https://static1.squarespace.com/static/55120501e4b03b1ef9460c61/t/56ef3e7f555986ec34591f36/1458519724138/learn+how+to+make+homemade%2C+zero+waste+mouthwash+with+www.goingzerowaste.com|March 21, 2016|https://www.goingzerowaste.com/blog/zero-waste-mouthwash|Going Zero Waste|Homemade, Zero Waste Mouthwash|
Allergy Fighting, Cookie Dough Energy Bites|https://static1.squarespace.com/static/55120501e4b03b1ef9460c61/t/56eb81f520c647e7ec51cc27/1458274848479/Allergy+fighting+cookie+dough+energy+bites+from+www.goingzerowaste.com|March 17, 2016|https://www.goingzerowaste.com/blog/2016/3/17/allergy-fighting-energy-bites|Going Zero Waste|Allergy Fighting, Cookie Dough Energy Bites|
Ultimate Guide to Zero Waste Grocery Shopping|https://static1.squarespace.com/static/55120501e4b03b1ef9460c61/t/583ba3835016e166b2a13a45/1480303508385/The+ultimate+Guide+to+Zero+Waste+Grocery+Shopping+from+www.goingzerowaste.com|March 14, 2016|https://www.goingzerowaste.com/blog/2016/3/14/ultimate-guide-to-zero-waste-grocery-shopping|Going Zero Waste|Ultimate Guide Zero Waste Grocery Shopping|
NULL - title|NULL - image|NULL - date|https://www.goingzerowaste.com/blog/one-year-of-trash|Going Zero Waste|NULL - keywords|
Zero Waste Myths|https://static1.squarespace.com/static/55120501e4b03b1ef9460c61/t/56df9af5c6fc08cdc5febce7/1457494791761/Zero+waste+myths+from+www.goingzerowaste.com|March  8, 2016|https://www.goingzerowaste.com/blog/2016/3/8/z|Going Zero Waste|Zero Waste Myths|
Zero Waste Dog|https://static1.squarespace.com/static/55120501e4b03b1ef9460c61/t/56d907992fe13156558f94b0/1457065363030/Everything+you+need+to+know+about+going+zero+waste+with+a+dog+from+www.goingzerowaste.com|March  3, 2016|https://www.goingzerowaste.com/blog/2016/3/3/zero-waste-dog|Going Zero Waste|Zero Waste Dog|
Allergy Fighting Smoothie|https://static1.squarespace.com/static/55120501e4b03b1ef9460c61/t/56d50265c6fc08c53777fc93/1456800401092/Fight+allergies+with+your+morning+smoothie%21+An+easy+organic+way+to+build+up+your+immunity+to+pollen+from+www.goingzerowaste.com|February 29, 2016|https://www.goingzerowaste.com/blog/2016/2/28/allergy-fighting-smoothie|Going Zero Waste|Allergy Fighting Smoothie|
Why I Really Started Going Zero Waste|https://static1.squarespace.com/static/55120501e4b03b1ef9460c61/t/56cf9cd122482ec5b2a1d523/1456446674695/image.jpg|February 25, 2016|https://www.goingzerowaste.com/blog/2016/2/25/why-i-really-started-going-zero-waste|Going Zero Waste|Why I Really Started Going Zero Waste|
Zero Waste Travel - Two Must Have Essentials|https://static1.squarespace.com/static/55120501e4b03b1ef9460c61/t/56cbdea10442621c56eca8f1/1456209180936/Zero+waste+travel%3A+two+essentials+you+must+have+when+you+travel+from+www.goingzerowaste.com|February 22, 2016|https://www.goingzerowaste.com/blog/2016/2/22/zero-waste-travel-two-must-have-essentials|Going Zero Waste|Zero Waste Travel - Two Must Have Essentials|
Homemade Dry Shampoo|https://static1.squarespace.com/static/55120501e4b03b1ef9460c61/t/56c7443a1bbee0becc9b050e/1455901474622/Homemade%2C+zero+waste+dry+shampoo+to+keep+your+locks+looking+life+like+between+showers.+Try+out+this+new+diy+with+www.goingzerowaste.com|February 19, 2016|https://www.goingzerowaste.com/blog/2016/2/18/dryshampoo|Going Zero Waste|Homemade Dry Shampoo|
Your Guide to Backyard Composting|https://static1.squarespace.com/static/55120501e4b03b1ef9460c61/t/56c136d09f7266bbb2497c8f/1455609747195/Your+guide+to+backyard+composting.+Keep+your+home+zero+waste+by+diverting+organic+matter+from+the+landfill.+Learn+what+you+can+and+can%27t+compost+with+www.goingzerowaste.com|February 16, 2016|https://www.goingzerowaste.com/blog/2015/10/25/backyardcomposting|Going Zero Waste|Your Guide Backyard Composting|
Perfect, Easy, Homemade Pizza Dough|https://static1.squarespace.com/static/55120501e4b03b1ef9460c61/t/56be1125d51cd4f674dfd9db/1455296806204/image.jpg|February 12, 2016|https://www.goingzerowaste.com/blog/2016/2/9/pizza-dough|Going Zero Waste|Perfect, Easy, Homemade Pizza Dough|
Homemade Febreze|https://static1.squarespace.com/static/55120501e4b03b1ef9460c61/t/56b7f72ff85082f8770ab6c3/1454903088658/homemade%2C+diy%2C+febreze.+Another+easy+zero+waste+diy+from+www.goingzerowaste.com|February  8, 2016|https://www.goingzerowaste.com/blog/2016/2/7/homemade-febreze|Going Zero Waste|Homemade Febreze|
King Cake a Lesson in Tradition|https://static1.squarespace.com/static/55120501e4b03b1ef9460c61/t/56b4f22cc2ea514e40c834b9/1454701696029/Vegan%2C+Zero+Waste%2C+King+Cake%2C+a+lesson+in+tradition+from+www.goingzerowaste.com|February  5, 2016|https://www.goingzerowaste.com/blog/2016/2/4/king-cake|Going Zero Waste|King Cake Lesson Tradition|
Rainbow Grocery: A Guide to Zero Waste Shopping|https://static1.squarespace.com/static/55120501e4b03b1ef9460c61/t/56b035fd7da24f37c65105f4/1454388773028/Rainbow+Grocery+in+San+Francisco.+A+guide+to+the+bulk+bins+and+zero+waste+grocery+shopping+from+www.goingzerowaste.com|February  1, 2016|https://www.goingzerowaste.com/blog/2016/2/1/rainbow-grocery|Going Zero Waste|Rainbow Grocery: Guide Zero Waste Shopping|
Valentine Truffles|https://static1.squarespace.com/static/55120501e4b03b1ef9460c61/t/56aadc6ca2bab842081a1ae9/1454038278627/Zero+waste%2C+vegan+truffles+for+Valentines+day+from+www.goingzerowaste.com|January 28, 2016|https://www.goingzerowaste.com/blog/2016/1/28/valentines-truffles|Going Zero Waste|Valentine Truffles|
Seeking Simplicity|https://static1.squarespace.com/static/55120501e4b03b1ef9460c61/t/56a6dfe8df40f3cc488a633d/1453776875654/seeking+simplicity%3B+zero+waste%2C+from+www.goingzerowaste.com|January 25, 2016|https://www.goingzerowaste.com/blog/2016/1/24/seeking-simplicity|Going Zero Waste|Seeking Simplicity|
18 Piece Wardrobe|https://static1.squarespace.com/static/55120501e4b03b1ef9460c61/t/56a16756df40f37f5e9fa558/1453418328363/eighteen+piece+wardrobe+from+www.goingzerowaste.com.+Minimize+your+wardrobe.|January 21, 2016|https://www.goingzerowaste.com/blog/18-piece-wardrobe|Going Zero Waste|Piece Wardrobe|
Homemade Aloe Vera Gel|https://static1.squarespace.com/static/55120501e4b03b1ef9460c61/t/569c73407086d768fdf6300c/1453093713990/Learn+how+to+make+aloe+vera+gel+at+home.+A+zero+waste+burn+treatment+and+for+other+beauty+uses+from+www.goingzerowaste.com|January 18, 2016|https://www.goingzerowaste.com/blog/2016/1/17/homemade-aloe-vera-gel|Going Zero Waste|Homemade Aloe Vera Gel|
Zero Waste, All Natural Deodorant|https://static1.squarespace.com/static/55120501e4b03b1ef9460c61/t/569874331115e0d42d7ea285/1452831802503/An+all+natural%2C+zero+waste+deodorant+that+really+works+with+www.goingzerowaste.com|January 14, 2016|https://www.goingzerowaste.com/blog/2016/1/14/zero-waste-deodorant-update|Going Zero Waste|Zero Waste, All Natural Deodorant|
Vegan Broccoli and Cheddar Soup|https://static1.squarespace.com/static/55120501e4b03b1ef9460c61/t/56946f05a128e6313a736ca4/1452568330313/Vegan%2C+Zero+Waste%2C+Broccoli+and+Cheese+soup+from+www.goingzerowaste.com|January 11, 2016|https://www.goingzerowaste.com/blog/2015/12/31/vegan-broccoli-and-cheddar-soup|Going Zero Waste|Vegan Broccoli Cheddar Soup|
Life without Bulk Options|https://static1.squarespace.com/static/55120501e4b03b1ef9460c61/t/583b7f424402431df92de099/1480294724934/What+if+you+want+to+reduce+your+waste%2C+but+you+don%27t+have+any+bulk+options+in+your+town%3F+Learn+how+you+can+still+make+a+huge+impact%2C+and+take+steps+toward+zero+waste+at+your+conventional+grocery+store+from+www.goingzerowaste.com|January  7, 2016|https://www.goingzerowaste.com/blog/2015/12/31/life-without-bulk|Going Zero Waste|Life Bulk Options|
RECAP 2015|https://static1.squarespace.com/static/55120501e4b03b1ef9460c61/t/56898ec105f8e23aa28e2687/1451855558458/A+2015+Recap+with+Going+Zero+Waste%21|January  3, 2016|https://www.goingzerowaste.com/blog/2016/1/3/recap-2015|Going Zero Waste|RECAP|
Zero Waste Christmas Report|https://static1.squarespace.com/static/55120501e4b03b1ef9460c61/t/56844a167086d74497ac8293/1451510356746/image.jpg|December 30, 2015|https://www.goingzerowaste.com/blog/2015/12/28/zero-waste-christmas-reflections|Going Zero Waste|Zero Waste Christmas Report|
Easy Vegan Waffles|https://static1.squarespace.com/static/55120501e4b03b1ef9460c61/t/5678df077086d7cdded068b0/1450761991876/image.jpg|December 21, 2015|https://www.goingzerowaste.com/blog/2015/12/21/easy-vegan-waffles|Going Zero Waste|Easy Vegan Waffles|
Trash Update: Cost of Convenience|https://static1.squarespace.com/static/55120501e4b03b1ef9460c61/t/5674460b25981d53d11c0d4c/1450460684036/Nine+months+of+trash+from+zero+waste+blogger+www.goingzerowaste.com|December 18, 2015|https://www.goingzerowaste.com/blog/2015/12/17/trash-update-cost-of-convenience|Going Zero Waste|Trash Update: Cost Convenience|
Upcycled: Wine Cork Garland|https://static1.squarespace.com/static/55120501e4b03b1ef9460c61/t/566f92b31115e08104bff623/1450152630274/Upcycling+is+cool%21+Make+zero+waste+wine+cork+garland+for+Christmas+from+www.goingzerowaste.com|December 14, 2015|https://www.goingzerowaste.com/blog/2015/12/14/upcycled-wine-cork-garland|Going Zero Waste|Upcycled: Wine Cork Garland|
Lip to Cheek: DIY Beauty|https://static1.squarespace.com/static/55120501e4b03b1ef9460c61/t/566b029ea2bab843dae59829/1449853598449/DIY+Zero+Waste+makeup.+Learn+how+to+make+easy+lip+and+cheek+stain+with+www.goingzerowaste.com|December 11, 2015|https://www.goingzerowaste.com/blog/2015/12/9/lip-to-cheek-diy-beauty|Going Zero Waste|Lip Cheek: DIY Beauty|
Christmas Cookies and Natural Food Dye (Vegan)|https://static1.squarespace.com/static/55120501e4b03b1ef9460c61/t/566649ea4bf118f2873d8eb3/1449544188571/Zero+waste%2C+vegan%2C+christmas+cookies+with+a+natural+food+dye+tutorial.|December  7, 2015|https://www.goingzerowaste.com/blog/2015/12/6/christmas-cookies-vegan|Going Zero Waste|Christmas Cookies Natural Food Dye (Vegan)|
Zero Waste Shaving: Safety Razors|https://static1.squarespace.com/static/55120501e4b03b1ef9460c61/t/5661c4dde4b0e2094da0f933/1449247967827/Zero+waste+shaving+with+safety+razors+from+www.goingzerowaste.com|December  4, 2015|https://www.goingzerowaste.com/blog/2015/12/3/zero-waste-shaving|Going Zero Waste|Zero Waste Shaving: Safety Razors|
A Zero Waste Christmas Challenge|https://static1.squarespace.com/static/55120501e4b03b1ef9460c61/t/565a5aa1e4b0f33a7adb8d1d/1510891244435/A+Zero+Waste+Christmas+gift+giving+guide+from+www.goingzerowaste.com|November 30, 2015|https://www.goingzerowaste.com/blog/2015/11/28/a-zero-waste-christmas|Going Zero Waste|Zero Waste Christmas Challenge|
Mass Consumerism is a Disease|https://static1.squarespace.com/static/55120501e4b03b1ef9460c61/t/5653c269e4b0366ccd891e36/1448329833932/image.jpg|November 23, 2015|https://www.goingzerowaste.com/blog/2015/11/22/consumerism-is-a-disease|Going Zero Waste|Mass Consumerism is Disease|
Savory Sage Thanksgiving Dressing (vegan)|https://static1.squarespace.com/static/55120501e4b03b1ef9460c61/t/564f4565e4b07f88bd4f2827/1448048981178/Zero+Waste%2C+Vegan+Thankgiving+dressing+with+www.goingzerowaste.com|November 20, 2015|https://www.goingzerowaste.com/blog/2015/11/20/thanksgivingdressing|Going Zero Waste|Savory Sage Thanksgiving Dressing (vegan)|
Zero Waste  Zero Tolerance|https://static1.squarespace.com/static/55120501e4b03b1ef9460c61/t/564ab014e4b06dbb87ca2e10/1447735326705/zero+waste+does+not+equal+zero+tolerance+from+goingzerowaste.com|November 16, 2015|https://www.goingzerowaste.com/blog/zerowastenotzerotolerance|Going Zero Waste|Zero Waste  Zero Tolerance|
10 Tips for Going Zero Waste in College|https://static1.squarespace.com/static/55120501e4b03b1ef9460c61/t/5645842de4b0e7ffe7c18910/1447396398501/10+tips+for+going+zero+waste+in+college+from+www.goingzerowaste.com|November 12, 2015|https://www.goingzerowaste.com/blog/2015/11/12/10-tips-for-going-zero-waste-in-college|Going Zero Waste|Tips Going Zero Waste College|
The Best Dairy Free Mashed Potatoes|https://static1.squarespace.com/static/55120501e4b03b1ef9460c61/t/56421f45e4b083e275dc0fff/1447174064814/Dairy+free%2C+vegan+mashed+potatoes+and+they%27re+delicious%21+Easy+homemade+dairy+free+sour+cream+with+www.goingzerowaste.com|November 10, 2015|https://www.goingzerowaste.com/blog/2015/11/9/the-best-dairy-free-mashed-potatoes|Going Zero Waste|Best Dairy Free Mashed Potatoes|
Vegan Green Bean Casserole|https://static1.squarespace.com/static/55120501e4b03b1ef9460c61/t/583d249d59cc68a8c3d041d4/1480402081641/Make+vegan%2C+zero+waste%2C+green+bean+casserole+with+www.goingzerowaste.com.+The+whole+month+of+November+we%27re+covering+Thanksgiving+sides%21|November  3, 2015|https://www.goingzerowaste.com/blog/2015/11/2/vegan-green-bean-casserole|Going Zero Waste|Vegan Green Bean Casserole|
10 Steps to Reduce your Waste in the Workplace|https://static1.squarespace.com/static/55120501e4b03b1ef9460c61/t/5632d4ade4b01d5df6d582d1/1446171834479/10+steps+to+reduce+your+waste+in+the+workplace+from+www.goinzerowaste.com|October 29, 2015|https://www.goingzerowaste.com/blog/2015/10/29/10-steps-to-reduce-your-waste-in-the-workplace|Going Zero Waste|Steps Reduce your Waste Workplace|
No Fail Vegetable Stock|https://static1.squarespace.com/static/55120501e4b03b1ef9460c61/t/562ef78de4b027f42ac61e5c/1445918614844/Learn+to+make+zero+waste+veggie+stock+with+www.goingzerowaste.com|October 26, 2015|https://www.goingzerowaste.com/blog/2015/10/25/vegetable-stock|Going Zero Waste|Fail Vegetable Stock|
Three Easy Steps to Clean Out Your Closet and Define Your Style|https://static1.squarespace.com/static/55120501e4b03b1ef9460c61/t/5629b0dce4b025e48a112cf6/1445572828808/Three+easy+steps+to+clean+out+your+closet+and+define+your+style+from+www.goingzerowaste.com|October 22, 2015|https://www.goingzerowaste.com/blog/defineyourstyle|Going Zero Waste|Three Easy Steps Clean Out Your Closet Define Your Style|
Vegan Chocolate Chip Cookies|https://static1.squarespace.com/static/55120501e4b03b1ef9460c61/t/5625b1b5e4b0b90282f83ba7/1445310928653/Vegan%2C+zero+waste%2C+chocolate+chip+cookies+from+www.goingzerowaste.com|October 19, 2015|https://www.goingzerowaste.com/blog/2015/10/18/vegan-chocolate-chip-cookies|Going Zero Waste|Vegan Chocolate Chip Cookies|
Zero Waste Birthday|https://static1.squarespace.com/static/55120501e4b03b1ef9460c61/t/5620a165e4b03b7af47bc2da/1444979046973/image.jpg|October 15, 2015|https://www.goingzerowaste.com/blog/2015/10/14/zero-waste-birthday|Going Zero Waste|Zero Waste Birthday|
Don't Be a Backseat Activist|https://static1.squarespace.com/static/55120501e4b03b1ef9460c61/t/56175767e4b0a82f0302ab2f/1444370286590/Fight+ORCEM%2FVMT%21+We+do+not+want+a+concrete+plant+in+Vallejo%21|October  8, 2015|https://www.goingzerowaste.com/blog/dont-be-a-backseat-activist|Going Zero Waste|Don't Be Backseat Activist|
Everything You Need to Know About Bidets|https://static1.squarespace.com/static/55120501e4b03b1ef9460c61/t/560eb908e4b0d7ccb3611dff/1443805526161/Everything+you+need+to+know+about+bidets+from+www.goingzerowaste.com.+Save+trees%2C+be+more+sanitary%2C+be+zero+waste%21|October  2, 2015|https://www.goingzerowaste.com/blog/2015/10/1/bidet-curious|Going Zero Waste|Everything You Need Know Bidets|
Best Ever Nacho Cheese!|https://static1.squarespace.com/static/55120501e4b03b1ef9460c61/t/560a0685e4b0ea79b4cd3bac/1443497792048/Best+Nacho+Cheese%21+Zero+Waste%2C+Dairy+Free%2C+and+Vegan+Nacho+Cheese+from+www.goingzerowaste.com|September 28, 2015|https://www.goingzerowaste.com/blog/nachocheese|Going Zero Waste|Best Ever Nacho Cheese!|
How to Dry Your Own Spices|https://static1.squarespace.com/static/55120501e4b03b1ef9460c61/t/56048333e4b0b281489be72e/1443138624244/Drying+Herbs+at+Home.+DIY+with+www.goingzerowaste.com+It%27s+so+easy%2C+cheap%2C+and+zero+waste%21|September 25, 2015|https://www.goingzerowaste.com/blog/2015/9/24/zero-waste-dried-spices|Going Zero Waste|Dry Your Own Spices|
The Power of Saying No|https://static1.squarespace.com/static/55120501e4b03b1ef9460c61/t/55fb3a41e4b02dba0126c2bf/1442527810579/image.jpg|September 17, 2015|https://www.goingzerowaste.com/blog/2015/9/17/the-power-of-saying-no|Going Zero Waste|Power Saying|
Zero Waste Vegan Meal Prep|https://static1.squarespace.com/static/55120501e4b03b1ef9460c61/t/55f78953e4b054e4deb32921/1442285914588/image.jpg|September 15, 2015|https://www.goingzerowaste.com/blog/2015/9/11/zero-waste-vegan-meal-prep|Going Zero Waste|Zero Waste Vegan Meal Prep|
Roasted Red Pepper Soup|https://static1.squarespace.com/static/55120501e4b03b1ef9460c61/t/55ee4ec9e4b0b708acb14dd9/1441681128192/Quick+vegan+lunches+ready+under+30+minutes.+Roasted+red+pepper+soup+from+www.goingzerowaste.com|September  7, 2015|https://www.goingzerowaste.com/blog/2015/9/7/roasted-red-pepper-soup|Going Zero Waste|Roasted Red Pepper Soup|
My Zero Waste Kitchen|https://static1.squarespace.com/static/55120501e4b03b1ef9460c61/t/55e928b4e4b0808d0f0bd713/1441343691188/My+Zero+Waste+Kitchen.+Open+Shelving.+www.goingzerowaste.com|September  4, 2015|https://www.goingzerowaste.com/blog/2015/9/3/my-zero-waste-kitchen|Going Zero Waste|Zero Waste Kitchen|
Vegan & Allergy Free Pesto|https://static1.squarespace.com/static/55120501e4b03b1ef9460c61/t/55e3c61ee4b0c5db7a8bc910/1440990768740/|August 31, 2015|https://www.goingzerowaste.com/blog/2015/8/30/vegan-allergy-free-pesto|Going Zero Waste|Vegan & Allergy Free Pesto|
My Trash|https://static1.squarespace.com/static/55120501e4b03b1ef9460c61/t/55dbcab1e4b022e7c5f932dd/1440467655035/www.goingzerowaste.com+6+months+of+trash|August 24, 2015|https://www.goingzerowaste.com/blog/my-trash|Going Zero Waste|Trash|
Zero Waste Seasonal Summer Lunches|https://static1.squarespace.com/static/55120501e4b03b1ef9460c61/t/55d697f1e4b041b04b5dc039/1440126973167/The+first+in+the+vegan+lunch+series.+Recipes+that+only+take+15+minutes+and+keep+you+full.+www.goingzerowaste.com|August 20, 2015|https://www.goingzerowaste.com/blog/seasonallunches|Going Zero Waste|Zero Waste Seasonal Summer Lunches|
Zero Waste Coffee Date|https://static1.squarespace.com/static/55120501e4b03b1ef9460c61/t/55d15ddce4b08e7531ff3e75/1439784430990/|August 17, 2015|https://www.goingzerowaste.com/blog/2015/8/16/coffee-date|Going Zero Waste|Zero Waste Coffee Date|
How to Prep for Long, Hot Days: Shakespeare in the Park|https://static1.squarespace.com/static/55120501e4b03b1ef9460c61/t/55cd6b23e4b0dc6eee405da6/1439525668187/|August 13, 2015|https://www.goingzerowaste.com/blog/2015/8/13/longhotdays|Going Zero Waste|Prep Long, Hot Days: Shakespeare Park|
Zero Waste Chapstick & Lotion|https://static1.squarespace.com/static/55120501e4b03b1ef9460c61/t/55c97bf9e4b030afc3b20fa0/1439267850874/|August 10, 2015|https://www.goingzerowaste.com/blog/2015/8/10/zero-waste-chapstick-lotion|Going Zero Waste|Zero Waste Chapstick & Lotion|
Give Your Old Clothes New Life|https://static1.squarespace.com/static/55120501e4b03b1ef9460c61/t/55c435bde4b0ce7f89388027/1438922178985/|August  6, 2015|https://www.goingzerowaste.com/blog/2015/8/6/old-clothes-new-life|Going Zero Waste|Give Your Old Clothes New Life|
Suburban Chicken|https://static1.squarespace.com/static/55120501e4b03b1ef9460c61/t/55c04649e4b0b281efabbfef/1438664272612/|August  4, 2015|https://www.goingzerowaste.com/blog/2015/8/3/suburban-chicken|Going Zero Waste|Suburban Chicken|
Published on elephant journal|https://static1.squarespace.com/static/55120501e4b03b1ef9460c61/t/55bad646e4b0bf981e7f469d/1438307917720/|July 30, 2015|https://www.goingzerowaste.com/blog/2015/7/30/published-on-the-elephant-journal|Going Zero Waste|Published elephant journal|
The Problem With Plastic|https://static1.squarespace.com/static/55120501e4b03b1ef9460c61/t/56898f6805f8e23aa28e2d1c/1451855721320/The+problem+with+plastic+from+www.goingzerowaste.com|July 28, 2015|https://www.goingzerowaste.com/blog/2015/7/28/the-problem-with-plastic|Going Zero Waste|Problem Plastic|
#MyBag|https://static1.squarespace.com/static/55120501e4b03b1ef9460c61/t/55b2a8afe4b05bdbc9ca558c/1437771952077/image.jpg|July 24, 2015|https://www.goingzerowaste.com/blog/2015/7/24/my-bag|Going Zero Waste|#MyBag|
Olive Oil, Granola, and Good Friends|https://static1.squarespace.com/static/55120501e4b03b1ef9460c61/t/55ac60a6e4b02f26a516dbdc/1437360452406/|July 20, 2015|https://www.goingzerowaste.com/blog/2015/7/19/olive-oil-granola-and-zero-waste|Going Zero Waste|Olive Oil, Granola, Good Friends|
A Trip to the Farmers Market|https://static1.squarespace.com/static/55120501e4b03b1ef9460c61/t/55a49761e4b071e27e1df8dc/1436850032556/|July 14, 2015|https://www.goingzerowaste.com/blog/2015/7/14/a-trip-to-the-farmers-market|Going Zero Waste|Trip Farmers Market|
Zero Waste Failures|https://static1.squarespace.com/static/55120501e4b03b1ef9460c61/t/5593244fe4b0c0b24dfca1fe/1435706734108/|June 30, 2015|https://www.goingzerowaste.com/blog/2015/6/30/zero-waste-failures|Going Zero Waste|Zero Waste Failures|
Zero Waste Toaster Pastries|https://static1.squarespace.com/static/55120501e4b03b1ef9460c61/t/58392322cd0f680eca969618/1480139640969/Trying+to+swap+your+favorite+processed+foods+for+healthier+options%3F+Looking+to+avoid+all+that+excess+packaging%3F+Check+out+my+zero+waste+twist+on+brown+sugar+poptarts%21+From+www.goingzerowaste.com|June 12, 2015|https://www.goingzerowaste.com/blog/2015/6/11/comfort-food|Going Zero Waste|Zero Waste Toaster Pastries|
How to Make Rejuvelac & Vegan Cheese|https://static1.squarespace.com/static/55120501e4b03b1ef9460c61/t/556b8cc2e4b0fc3b5d4ad15c/1433213941455/|June  1, 2015|https://www.goingzerowaste.com/blog/2015/5/31/vegan-cheese|Going Zero Waste|Make Rejuvelac & Vegan Cheese|
Dealing with the Guilt of Stuff|https://static1.squarespace.com/static/55120501e4b03b1ef9460c61/t/58391b6e2e69cfc61c573936/1480138121936/It%27s+difficult+to+donate%2C+organize%2C+and+minimize+when+you+have+sentimental+attachments+to+your+things.+How+do+you+break+that%3F+How+do+you+deal+with+the+guilt%3F+Read+more+on+www.goingzerowaste.com|May 28, 2015|https://www.goingzerowaste.com/blog/2015/5/28/the-guilt-of-stuff|Going Zero Waste|Dealing Guilt Stuff|
Zero Waste Deodorant|https://static1.squarespace.com/static/55120501e4b03b1ef9460c61/t/5563ef85e4b0c669ccf26543/1432612771995/|May 25, 2015|https://www.goingzerowaste.com/blog/2015/5/25/zero-waste-deodorant|Going Zero Waste|Zero Waste Deodorant|
Why I Write About Food + A Recipe for Perfect Brownies|https://static1.squarespace.com/static/55120501e4b03b1ef9460c61/t/555b5bb3e4b0f172ef3fe832/1432052464916/image.jpg|May 19, 2015|https://www.goingzerowaste.com/blog/2015/5/19/why-i-write-about-food|Going Zero Waste|Why I Write Food + Recipe Perfect Brownies|
Daily Bread|https://static1.squarespace.com/static/55120501e4b03b1ef9460c61/t/55515c3ae4b094c827fbe440/1431395408235/|May 12, 2015|https://www.goingzerowaste.com/blog/2015/5/11/daily-bread|Going Zero Waste|Daily Bread|
Festival Season|https://static1.squarespace.com/static/55120501e4b03b1ef9460c61/t/554c2d88e4b0c0cf87d9de66/1431055761015/carnival+fantastico|May  7, 2015|https://www.goingzerowaste.com/blog/2015/5/7/festival-season|Going Zero Waste|Festival Season|
Killer Tomato Sauce|https://static1.squarespace.com/static/55120501e4b03b1ef9460c61/t/5542da9ee4b004fd41a7737e/1430444748633/|April 30, 2015|https://www.goingzerowaste.com/blog/2015/4/30/207c866mc2nqm7adrtws7vsfuddo8x|Going Zero Waste|Killer Tomato Sauce|
Zero Waste Grocery Shopping|https://static1.squarespace.com/static/55120501e4b03b1ef9460c61/t/56898f3205f8e23aa28e2b69/1451855668921/How+to+zero+waste+grocery+shop+with+www.goingzerowaste.com|April 27, 2015|https://www.goingzerowaste.com/blog/2015/4/27/zero-waste-grocery-shopping|Going Zero Waste|Zero Waste Grocery Shopping|
Out to Lunch|https://static1.squarespace.com/static/55120501e4b03b1ef9460c61/t/553a81c6e4b03da1555bbdab/1429897708964/out+to+lunch|April 24, 2015|https://www.goingzerowaste.com/blog/2015/4/24/out-to-lunch|Going Zero Waste|Out Lunch|
Ain't No Lie, Baby Pie, Pie, Pie|https://static1.squarespace.com/static/55120501e4b03b1ef9460c61/t/5535cc66e4b0a72f449d140e/1429589212194/Perfect+Pie|April 21, 2015|https://www.goingzerowaste.com/blog/2015/4/21/aint-no-lie-baby-pie-pie-pie|Going Zero Waste|Ain't Lie, Baby Pie, Pie, Pie|
Pantry Party|https://static1.squarespace.com/static/55120501e4b03b1ef9460c61/t/55309489e4b08c9946be507a/1429247139241/Zero+Waste+Pantry|April 16, 2015|https://www.goingzerowaste.com/blog/2015/4/16/zys0qdrdhgv4o55b3mqstyzivmfq1q|Going Zero Waste|Pantry Party|
Picnic|https://static1.squarespace.com/static/55120501e4b03b1ef9460c61/t/56898f1405f8e23aa28e2a37/1451855637633/zero+waste+picnic+with+www.goingzerowaste.com|April 13, 2015|https://www.goingzerowaste.com/blog/2015/4/12/picnic|Going Zero Waste|Picnic|
Trash Talk|https://static1.squarespace.com/static/55120501e4b03b1ef9460c61/t/55281042e4b0e16134304225/1428689315992/|April 10, 2015|https://www.goingzerowaste.com/blog/2015/4/10/wul9w5dbxbeh7obzc13u8zaj6i0t9x|Going Zero Waste|Trash Talk|
Easter Bunny Blues|https://static1.squarespace.com/static/55120501e4b03b1ef9460c61/t/55208bdde4b0f588f51353a6/1428196326912/Cheryl%27s+Packaging|April  7, 2015|https://www.goingzerowaste.com/blog/2015/4/4/easter-bunny-blues|Going Zero Waste|Easter Bunny Blues|
Wild West Bash|https://static1.squarespace.com/static/55120501e4b03b1ef9460c61/t/551b4cf7e4b0aea90aa8a2b0/1427852545599/|March 31, 2015|https://www.goingzerowaste.com/blog/2015/3/31/hlv8nkacfdohhpe1w2dnbz7t988pt2|Going Zero Waste|Wild West Bash|
