Zero Waste Carrot Cake Lara Bars|https://i1.wp.com/www.zerowasted.net/wp-content/uploads/2018/01/Slide1-4.jpg?resize=500%2C375|January 25, 2018|http://www.zerowasted.net/2018/01/25/zero-waste-carrot-cake-lara-bars/|Zero Wasted|Zero Waste Carrot Cake Lara Bars|
2018: A Year of Zero Waste Tips and Challenges for the Ever Improving Zero Waster|https://i2.wp.com/www.zerowasted.net/wp-content/uploads/2018/01/Slide1-1.jpg?resize=500%2C375|January 2, 2018|http://www.zerowasted.net/2018/01/02/2018-a-year-of-zero-waste-tips-and-challenges-for-the-ever-improving-zero-waster/|Zero Wasted|2018: Year Zero Waste Tips Challenges Ever Improving Zero Waster|
New Years Resolutions (Zero Waste Style)|https://i2.wp.com/www.zerowasted.net/wp-content/uploads/2017/12/Slide1-1.jpg?resize=500%2C375|December 16, 2017|http://www.zerowasted.net/2017/12/16/new-years-resolutions-zero-waste-style/|Zero Wasted|New Years Resolutions (Zero Waste Style)|
A Zero Waste Business  Arlee Park|https://i1.wp.com/www.zerowasted.net/wp-content/uploads/2017/12/Slide1.jpg?resize=500%2C375|December 12, 2017|http://www.zerowasted.net/2017/12/12/a-zero-waste-business-arlee-park/|Zero Wasted|Zero Waste Business  Arlee Park|
A Zero Waste Thanksgiving|NULL - image|November 17, 2017|http://www.zerowasted.net/2017/11/17/a-zero-waste-thanksgiving/|Zero Wasted|Zero Waste Thanksgiving|
Zero Waste Babies|https://i2.wp.com/www.zerowasted.net/wp-content/uploads/2017/10/Cover-photo.jpg?resize=500%2C375|November 2, 2017|http://www.zerowasted.net/2017/11/02/zero-waste-babies/|Zero Wasted|Zero Waste Babies|
Eliminating the use of plastic, one shampoo bottle at a time|https://i2.wp.com/www.zerowasted.net/wp-content/uploads/2017/10/Plaine-Products-photo.jpg?resize=500%2C375|October 30, 2017|http://www.zerowasted.net/2017/10/30/eliminating-the-use-of-plastic-one-shampoo-bottle-at-a-time/|Zero Wasted|Eliminating use plastic, one shampoo bottle time|
Zero Waste Gifts and Wrapping|NULL - image|October 23, 2017|http://www.zerowasted.net/2017/10/23/zero-waste-gifts-and-wrapping/|Zero Wasted|Zero Waste Gifts Wrapping|
How to Zero Waste Your Office Space|https://i1.wp.com/www.zerowasted.net/wp-content/uploads/2017/10/20866AEC-75B9-4D7C-9B4C-FDD8A53E7E09.jpg?resize=300%2C300|October 13, 2017|http://www.zerowasted.net/2017/10/13/how-to-zero-waste-your-office-space/|Zero Wasted|Zero Waste Your Office Space|
When Minimalism Comes Knocking|NULL - image|October 1, 2017|http://www.zerowasted.net/2017/10/01/when-minimalism-comes-knocking/|Zero Wasted|When Minimalism Comes Knocking|
Zero Waste Dogs|https://i2.wp.com/www.zerowasted.net/wp-content/uploads/2017/09/Slide1.jpg?resize=697%2C523|September 11, 2017|http://www.zerowasted.net/2017/09/11/zero-waste-dogs/|Zero Wasted|Zero Waste Dogs|
Tips for Having Houseguests and Staying Zero Waste|NULL - image|August 20, 2017|http://www.zerowasted.net/2017/08/20/houseguests-and-zero-waste/|Zero Wasted|Tips Having Houseguests Staying Zero Waste|
Composting  Why and How|https://i2.wp.com/www.zerowasted.net/wp-content/uploads/2017/08/YouTube-picture.jpg?resize=660%2C495|August 7, 2017|http://www.zerowasted.net/2017/08/07/composting-why-and-how/|Zero Wasted|Composting  Why|
What is this minimalism thing?|https://i0.wp.com/www.zerowasted.net/wp-content/uploads/2017/07/1463622.jpg?resize=534%2C800|July 26, 2017|http://www.zerowasted.net/2017/07/26/what-is-this-minimalism-thing/|Zero Wasted|What is this minimalism thing?|
Zero Waste Naan|https://i1.wp.com/www.zerowasted.net/wp-content/uploads/2017/06/IMG_7164.jpg?resize=225%2C300|July 11, 2017|http://www.zerowasted.net/2017/07/11/zero-waste-naan/|Zero Wasted|Zero Waste Naan|
How to combat food waste using your freezer|NULL - image|June 28, 2017|http://www.zerowasted.net/2017/06/28/how-to-combat-food-waste-using-your-freezer/|Zero Wasted|combat food waste using your freezer|
Zero Waste Hummus|https://i2.wp.com/www.zerowasted.net/wp-content/uploads/2017/06/IMG_7166.jpg?resize=225%2C300|June 22, 2017|http://www.zerowasted.net/2017/06/22/zero-waste-hummus-with-a-blender/|Zero Wasted|Zero Waste Hummus|
Moving towards a zero waste bathroom|https://i1.wp.com/www.zerowasted.net/wp-content/uploads/2017/06/Cotton-rounds.jpg?resize=300%2C225|June 14, 2017|http://www.zerowasted.net/2017/06/14/moving-towards-a-zero-waste-bathroom/|Zero Wasted|Moving zero waste bathroom|
Tips for a Zero Waste Closet- The Joy of a Clothing Swap|NULL - image|May 17, 2017|http://www.zerowasted.net/2017/05/17/tips-for-a-zero-waste-closet-the-joy-of-a-clothing-swap/|Zero Wasted|Tips Zero Waste Closet- Joy Clothing Swap|
A Zero Waste Mothers Day|NULL - image|May 12, 2017|http://www.zerowasted.net/2017/05/12/a-zero-waste-mothers-day/|Zero Wasted|Zero Waste Mothers|
Zero Waste Yogurt in the Crockpot|https://i1.wp.com/www.zerowasted.net/wp-content/uploads/2017/05/IMG_6212-e1493692123657-225x300.jpg?resize=225%2C300|May 2, 2017|http://www.zerowasted.net/2017/05/02/zero-waste-yogurt-in-the-crockpot/|Zero Wasted|Zero Waste Yogurt Crockpot|
The Zero Waste Kitchen|https://i0.wp.com/www.zerowasted.net/wp-content/uploads/2017/04/Slide1.jpg?resize=697%2C523|April 16, 2017|http://www.zerowasted.net/2017/04/16/the-zero-waste-kitchen/|Zero Wasted|Zero Waste Kitchen|
RAH Soap GIVEAWAY!|https://i1.wp.com/www.zerowasted.net/wp-content/uploads/2017/04/icm_fullxfull.116068944_rqyu0vslx68o48swscs0.jpg?resize=300%2C182|April 9, 2017|http://www.zerowasted.net/2017/04/09/rah-soap-giveaway/|Zero Wasted|RAH Soap GIVEAWAY!|
Zero Waste Overnight Travel Tips|https://i0.wp.com/www.zerowasted.net/wp-content/uploads/2017/04/IMG_3942.jpg?resize=697%2C465|April 5, 2017|http://www.zerowasted.net/2017/04/05/zero-waste-overnight-travel/|Zero Wasted|Zero Waste Overnight Travel Tips|
Zero Waste Local Travel Tips|https://i1.wp.com/www.zerowasted.net/wp-content/uploads/2017/02/FullSizeRender-1.jpg?resize=697%2C523|March 22, 2017|http://www.zerowasted.net/2017/03/22/sustainable-travel/|Zero Wasted|Zero Waste Local Travel Tips|
Zero Waste Breakfast Bites|NULL - image|March 17, 2017|http://www.zerowasted.net/2017/03/17/zero-waste-breakfast-bites/|Zero Wasted|Zero Waste Breakfast Bites|
12 Months to Becoming a Zero Waste Home|https://i1.wp.com/www.zerowasted.net/wp-content/uploads/2017/03/Slide1.jpg?resize=697%2C523|March 7, 2017|http://www.zerowasted.net/2017/03/07/12-months-to-becoming-a-zero-waste-home/|Zero Wasted|Months Becoming Zero Waste Home|
My month of waste free grocery shopping|https://i2.wp.com/www.zerowasted.net/wp-content/uploads/2017/02/Slide1.jpg?resize=697%2C523|February 28, 2017|http://www.zerowasted.net/2017/02/28/my-month-of-waste-free-grocery-shopping/|Zero Wasted|month waste free grocery shopping|
Apple Cinnamon Breakfast Porridge (Grain Free, Dairy Free)|NULL - image|February 21, 2017|http://www.zerowasted.net/2017/02/21/apple-cinnamon-breakfast-porridge-grain-free-dairy-free/|Zero Wasted|Apple Cinnamon Breakfast Porridge (Grain Free, Dairy Free)|
A Zero Waste Valentines Day|NULL - image|February 14, 2017|http://www.zerowasted.net/2017/02/14/a-zero-waste-valentines-day/|Zero Wasted|Zero Waste Valentines|
If you give a mouse a cookie he will want a glass of almond milk|https://i0.wp.com/www.zerowasted.net/wp-content/uploads/2017/02/IMG_5508.jpg?resize=300%2C300|February 8, 2017|http://www.zerowasted.net/2017/02/08/if-you-give-a-mouse-a-cookie-he-will-want-a-glass-of-almond-milk/|Zero Wasted|If you give mouse cookie he will want glass almond milk|
Learning From My Trash How I Can Change My Future|NULL - image|January 30, 2017|http://www.zerowasted.net/2017/01/30/learning-from-my-trash-how-i-can-change-my-future/|Zero Wasted|Learning Trash I Can Change Future|
