32oz Laundry Detergent- 60 Loads|$18.00|https://cdn.shopify.com/s/files/1/1797/9639/products/simply_75b2e305-c83a-4a6c-b3d9-fd94d5dc1cf3_1024x1024.jpg?v=1506533530|https://packagefreeshop.com/products/32oz-lavender-laundry-detergent-unfinished|Package Free|32oz laundry detergent loads|
9oz SS Tumbler|$8.00|https://cdn.shopify.com/s/files/1/1797/9639/products/cup_1024x1024.jpg?v=1506446312|https://packagefreeshop.com/products/9oz-ss-tumbler|Package Free|9oz ss tumbler|
Air Weight Towel|$16.00|https://cdn.shopify.com/s/files/1/1797/9639/products/coyuchi_fog_towel_1024x1024.jpg?v=1506460836|https://packagefreeshop.com/products/air-weight-towel|Package Free|air weight towel|
Airtight Stainless Steel Containers|$30.00|https://cdn.shopify.com/s/files/1/1797/9639/products/1handdivider_1024x1024.jpg?v=1515172024|https://packagefreeshop.com/products/airtight-stainless-steel-containers|Package Free|airtight stainless steel containers|
baby comb|$19.95|https://cdn.shopify.com/s/files/1/1797/9639/products/babycomb_1024x1024.jpg?v=1508786141|https://packagefreeshop.com/products/baby-comb|Package Free|baby comb|
Baby Nail Scissors|$45.00|https://cdn.shopify.com/s/files/1/1797/9639/products/babyscisors_1024x1024.jpg?v=1506213561|https://packagefreeshop.com/products/baby-nail-scissors|Package Free|baby nail scissors|
Bamboo Drinking Straw|$1.50|https://cdn.shopify.com/s/files/1/1797/9639/products/bamboostraw_1024x1024.jpg?v=1506453470|https://packagefreeshop.com/products/bamboo-drinking-straws-unfinished|Package Free|bamboo drinking straw|
Bamboo Toilet Paper|$1.50|https://cdn.shopify.com/s/files/1/1797/9639/products/tushy_tp_40f8b748-4ba6-42be-ac5d-f3349b9db793_1024x1024.jpg?v=1506455430|https://packagefreeshop.com/products/tushy-single-roll-bamboo-toilet-tissue|Package Free|bamboo toilet paper|
Bamboo Toothbrush - Adult|$4.99|https://cdn.shopify.com/s/files/1/1797/9639/products/brushwithbambooA_38c75e72-f804-4107-83b5-e1c00514ba13_1024x1024.jpg?v=1506628775|https://packagefreeshop.com/products/bamboo-toothbrush-adult|Package Free|bamboo toothbrush  adult|
Bamboo Toothbrush - Child|$4.99|https://cdn.shopify.com/s/files/1/1797/9639/products/brushwithbambooC_1024x1024.jpg?v=1506444369|https://packagefreeshop.com/products/bamboo-toothbrush-child|Package Free|bamboo toothbrush  child|
Beard Balm|$12.99|https://cdn.shopify.com/s/files/1/1797/9639/products/beardbalm_red_1024x1024.jpg?v=1506134463|https://packagefreeshop.com/products/beard-balm|Package Free|beard balm|
Beeswax Food Wrap Variety Pack|$19.50|https://cdn.shopify.com/s/files/1/1797/9639/products/beeswrap1_1024x1024.jpg?v=1510674422|https://packagefreeshop.com/products/abeego-variety-pack|Package Free|beeswax food wrap variety pack|
Big Mini Steel Container|$10.50|https://cdn.shopify.com/s/files/1/1797/9639/products/bigmini_1024x1024.jpg?v=1506209768|https://packagefreeshop.com/products/big-mini-container-6pk-unfinished|Package Free|big mini steel container|
Birthday Candle Multicolor|$3.50|https://cdn.shopify.com/s/files/1/1797/9639/products/goodlight_color_1024x1024.jpg?v=1517605932|https://packagefreeshop.com/products/birthday-candle-multicolor|Package Free|birthday candle multicolor|
BNTO Canning Jar Lunchbox Adapter Wide Mouth 6oz Clear|$8.99|https://cdn.shopify.com/s/files/1/1797/9639/products/cuppowBNTO_1024x1024.jpg?v=1506527470|https://packagefreeshop.com/products/bnto-canning-jar-lunchbox-adapter-wide-mouth-6oz-clear|Package Free|bnto canning jar lunchbox adapter wide mouth 6oz clear|
Body Oil: Frankincense + Flowers|$14.00|https://cdn.shopify.com/s/files/1/1797/9639/products/mmtbody_1024x1024.jpg?v=1506457154|https://packagefreeshop.com/products/body-oil-frakincense-flowers|Package Free|body oil frankincense  flowers|
Bottle Brush|$11.85|https://cdn.shopify.com/s/files/1/1797/9639/products/bottlebrush_1024x1024.jpg?v=1506225343|https://packagefreeshop.com/products/bottle-brush|Package Free|bottle brush|
Canning Jar Drinking Lid - Regular Mouth Clear|$8.99|https://cdn.shopify.com/s/files/1/1797/9639/products/cuppow_jar_1024x1024.jpg?v=1516392277|https://packagefreeshop.com/products/cuppow-canning-jar-drinking-lid-regular-mouth-clear|Package Free|canning jar drinking lid  regular mouth clear|
Canning Jar Drinking Lid - Wide Mouth Clear|$8.99|https://cdn.shopify.com/s/files/1/1797/9639/products/cuppowWIDE_1024x1024.jpg?v=1516392346|https://packagefreeshop.com/products/cuppow-canning-jar-drinking-lid-wide-mouth-clear|Package Free|canning jar drinking lid  wide mouth clear|
Charcoal Water Filter|$12.50|https://cdn.shopify.com/s/files/1/1797/9639/products/charchoal1_1024x1024.jpg?v=1510258833|https://packagefreeshop.com/products/kishu-charcoal-stick|Package Free|charcoal water filter|
Comb and Brush Cleaner|$6.50|https://cdn.shopify.com/s/files/1/1797/9639/products/brushcleaner_1024x1024.jpg?v=1506212268|https://packagefreeshop.com/products/comb-and-brush-cleaner|Package Free|comb brush cleaner|
Cooking Spoon|$4.50|https://cdn.shopify.com/s/files/1/1797/9639/products/woodenspoon_1024x1024.jpg?v=1506212835|https://packagefreeshop.com/products/cooking-spoon|Package Free|cooking spoon|
Cosmetic Poufs|$24.00|https://cdn.shopify.com/s/files/1/1797/9639/products/juniperseed_top_1024x1024.JPG?v=1516998800|https://packagefreeshop.com/products/juniperseed-cosmetic-poufs-unfinished|Package Free|cosmetic poufs|
Dental Floss Refill Pack|$5.69|https://cdn.shopify.com/s/files/1/1797/9639/products/dentallacerefill_1024x1024.jpg?v=1506210496|https://packagefreeshop.com/products/dental-lace-refill-pack|Package Free|dental floss refill pack|
Deodorant Cream Baking Soda Free Grapefruit|$14.00|https://cdn.shopify.com/s/files/1/1797/9639/products/mmtgrapefrdeo2_1024x1024.jpg?v=1506457805|https://packagefreeshop.com/products/meow-meow-tweet-baking-soda-free-deodorant-cream-grapefruit|Package Free|deodorant cream baking soda free grapefruit|
Deodorant Cream: Baking Soda Free Lavender|$14.00|https://cdn.shopify.com/s/files/1/1797/9639/products/mmtlavendeo2_1024x1024.jpg?v=1506457842|https://packagefreeshop.com/products/deodorant-baking-soda-free-lavender|Package Free|deodorant cream baking soda free lavender|
Deodorant Cream: Lavender|$14.00|https://cdn.shopify.com/s/files/1/1797/9639/products/mmtlavendeo_1024x1024.jpg?v=1506457856|https://packagefreeshop.com/products/deodorant-cream-lavender|Package Free|deodorant cream lavender|
Deodorant Cream: Tea Tree|$14.00|https://cdn.shopify.com/s/files/1/1797/9639/products/mmtTeatreedeo_1024x1024.jpg?v=1506457883|https://packagefreeshop.com/products/deodrant-cream-tea-tree|Package Free|deodorant cream tea tree|
Deodorant Stick: 3oz|$20.00|https://cdn.shopify.com/s/files/1/1797/9639/products/mmtgrapefrtstick_1024x1024.jpg?v=1506457983|https://packagefreeshop.com/products/deodorant-stick-lavender-bergamot-3oz|Package Free|deodorant stick 3oz|
Deodorant: First Born|$15.00|https://cdn.shopify.com/s/files/1/1797/9639/products/beckyboo_1024x1024.jpg?v=1506444810|https://packagefreeshop.com/products/becky-boo-first-born-unfinished|Package Free|deodorant first born|
Deodorant: Victorian|$15.00|https://cdn.shopify.com/s/files/1/1797/9639/products/beckyboo_5a9eec88-8ad7-4050-a338-3c4338e818b7_1024x1024.jpg?v=1506444835|https://packagefreeshop.com/products/becky-boo-victorian-unfinished|Package Free|deodorant victorian|
Dish Washing Brush|$12.50|https://cdn.shopify.com/s/files/1/1797/9639/products/dish_brush_2_1024x1024.jpg?v=1517275290|https://packagefreeshop.com/products/dish-washing-brush|Package Free|dish washing brush|
DIY Spice Jars Set of 10 Unfilled Jars|$50.00|https://cdn.shopify.com/s/files/1/1797/9639/products/emptygneiss_1024x1024.jpg?v=1506454958|https://packagefreeshop.com/products/diy-spice-jars-set-of-10-unfilled-jars|Package Free|diy spice jars set unfilled jars|
Dog Brush|$16.75|https://cdn.shopify.com/s/files/1/1797/9639/products/dogbrush2_1024x1024.jpg?v=1506137432|https://packagefreeshop.com/products/dog-brush|Package Free|dog brush|
Double Edged Safety Razor with 10 Free Blades|$25.00|https://cdn.shopify.com/s/files/1/1797/9639/products/1razor3piece_1024x1024.jpg?v=1515795788|https://packagefreeshop.com/products/albatross-double-edged-safety-razor-with-10-free-blades|Package Free|double edged safety razor free blades|
Drawstring Produce Bag Cotton Large|$5.25|https://cdn.shopify.com/s/files/1/1797/9639/products/ecobag4_4bba9059-3dfe-4f8f-86b2-f19ddba171d3_1024x1024.jpg?v=1506533729|https://packagefreeshop.com/products/drawstring-produce-bag-cotton-large|Package Free|drawstring produce bag cotton large|
Drawstring Produce Bag Cotton Medium|$4.95|https://cdn.shopify.com/s/files/1/1797/9639/products/ecobag4_1024x1024.jpg?v=1506450086|https://packagefreeshop.com/products/drawstring-produce-bag-cotton-large-medium|Package Free|drawstring produce bag cotton medium|
Face Mask|$28.00|https://cdn.shopify.com/s/files/1/1797/9639/products/1facemask2_dca89c6c-d087-432a-b905-9687fabcd4c6_1024x1024.jpg?v=1515469559|https://packagefreeshop.com/products/face-mask|Package Free|face mask|
Face Oil|$25.00|https://cdn.shopify.com/s/files/1/1797/9639/products/juniperseed_oil_and_box_1024x1024.jpg?v=1517011229|https://packagefreeshop.com/products/face-oil|Package Free|face oil|
Facial Cloths 8x5|$13.00|https://cdn.shopify.com/s/files/1/1797/9639/products/facialcloth_1024x1024.jpg?v=1506625570|https://packagefreeshop.com/products/juniperseed-facial-cloths-unfinished|Package Free|facial cloths 8x5|
Gift Card|$10.00|https://cdn.shopify.com/s/files/1/1797/9639/products/gift_card2_1024x1024.jpg?v=1508786217|https://packagefreeshop.com/products/gift-card|Package Free|gift card|
Glass Water Bottle: 1 Liter|$40.00|https://cdn.shopify.com/s/files/1/1797/9639/products/BKRBIG_1024x1024.jpg?v=1515448640|https://packagefreeshop.com/products/1l-black-water-bottle|Package Free|glass water bottle liter|
Glass Water Bottle: 250 mL|$28.00|https://cdn.shopify.com/s/files/1/1797/9639/products/BKRSM_1024x1024.jpg?v=1506533395|https://packagefreeshop.com/products/250-ml-black-water-bottle|Package Free|glass water bottle ml|
Glass Water Bottle: 500 mL|$35.00|https://cdn.shopify.com/s/files/1/1797/9639/products/BKRMED_8e2c7740-c8eb-4fd6-a756-bd086730a8ee_1024x1024.jpg?v=1506533406|https://packagefreeshop.com/products/500-ml-black-water-bottle|Package Free|glass water bottle ml|
GoPure Pod|$24.95|https://cdn.shopify.com/s/files/1/1797/9639/products/pod_1024x1024.jpg?v=1506353937|https://packagefreeshop.com/products/gopure-pod|Package Free|gopure pod|
Incense Bundles|$14.00|https://cdn.shopify.com/s/files/1/1797/9639/products/incasua_incense_whitesage_1024x1024.jpg?v=1506050836|https://packagefreeshop.com/products/incense-bundles|Package Free|incense bundles|
Insulated Coffee Cup|$18.50|https://cdn.shopify.com/s/files/1/1797/9639/products/ukonserve_greencoffee_1024x1024.jpg?v=1506211261|https://packagefreeshop.com/products/insulated-coffee-cup-eggplant-unfinished|Package Free|insulated coffee cup|
Juniperseed Laundry Stain Stick|$5.00|https://cdn.shopify.com/s/files/1/1797/9639/products/stainstick_1024x1024.jpg?v=1506455762|https://packagefreeshop.com/products/juniperseed-laundry-stain-stick-unfinished|Package Free|juniperseed laundry stain stick|
