EO Grapefruit and Mint Shower Gel|from 5.40|https://static1.squarespace.com/static/58fd6c96440243efc9da8e98/59ab2c818fd4d2874807a7a3/5904daa93e00be15fee0a6d2/1516478711964/organic-grapefruit-mint-shower-gel-gallon.jpg|https://www.therefillrevolution.com/bulk-refills/eo-grapefruit-and-mint-shower-gel|Refill Revolution|eo grapefruit mint shower gel|
EO Grapefruit and Mint Shampoo|from 5.94|https://static1.squarespace.com/static/58fd6c96440243efc9da8e98/59ab2c818fd4d2874807a7a3/590a968859cc68c8704c489b/1516478538344/eo+grapefruit+and+mint+shampoo.png|https://www.therefillrevolution.com/bulk-refills/eo-grapefruit-and-mint-shampoo|Refill Revolution|eo grapefruit mint shampoo|
EO Grapefruit and Mint Conditioner|from 5.94|https://static1.squarespace.com/static/58fd6c96440243efc9da8e98/59ab2c818fd4d2874807a7a3/590a976c37c58115290d3c4b/1516478575651/grapefruitmint_cond_gal.png|https://www.therefillrevolution.com/bulk-refills/eo-grapefruit-and-mint-condition|Refill Revolution|eo grapefruit mint conditioner|
EO Lavender Shower Gel|from 5.40|https://static1.squarespace.com/static/58fd6c96440243efc9da8e98/59ab2c818fd4d2874807a7a3/590a98362994caa0d30c7120/1516478611508/organic-french-lavender-shower-gel-gallon.jpg|https://www.therefillrevolution.com/bulk-refills/eo-lavender-shower-gel|Refill Revolution|eo lavender shower gel|
EO Clarifying Sweet Orange Shampoo|from 5.94|https://static1.squarespace.com/static/58fd6c96440243efc9da8e98/59ab2c818fd4d2874807a7a3/590a98ad15cf7d53da761201/1516478476153/eo-clarifying-shampoo-sweet-orange-gallon.jpg|https://www.therefillrevolution.com/bulk-refills/eo-sweet-orange-shampoo|Refill Revolution|eo clarifying sweet orange shampoo|
EO Clarifying Rose Geranium Citrus Conditioner|from 5.94|https://static1.squarespace.com/static/58fd6c96440243efc9da8e98/59ab2c818fd4d2874807a7a3/590a99703a04112426009483/1516478504214/rose-citrus-clarifying-natural-conditioner-gallon.jpg|https://www.therefillrevolution.com/bulk-refills/eo-rose-geranium-citrus-conditioner|Refill Revolution|eo clarifying rose geranium citrus conditioner|
EO French Lavender Lotion|from 6.20|https://static1.squarespace.com/static/58fd6c96440243efc9da8e98/59ab2c818fd4d2874807a7a3/59ab2ef237c581aaa4641199/1504390901384/EO+LOTION+LAVENDAR.jpg|https://www.therefillrevolution.com/bulk-refills/eo-french-lavender-lotion|Refill Revolution|eo french lavender lotion|
EO Liquid Hand Soap Unscented|from 4.92|https://static1.squarespace.com/static/58fd6c96440243efc9da8e98/59ab2c818fd4d2874807a7a3/590a99fb1b631b14ff7ec82d/1516478760133/eo_unscented_hand_soap.png|https://www.therefillrevolution.com/bulk-refills/eo-liquid-hand-soap-unscented|Refill Revolution|eo liquid hand soap unscented|
Pangea Hand Soap - Canadian Pine With White Sage|from 7.60|https://static1.squarespace.com/static/58fd6c96440243efc9da8e98/59ab2c818fd4d2874807a7a3/5934bd386a496389be37ef77/1504390743755/can+pine+hand+soap+white+bckrnd.jpg|https://www.therefillrevolution.com/bulk-refills/canadian-pine-with-white-sage|Refill Revolution|pangea hand soap  canadian pine white sage|
Lily of the Desert Aloe Vera Gel - 99% Organic|from 3.12|https://static1.squarespace.com/static/58fd6c96440243efc9da8e98/59ab2c818fd4d2874807a7a3/590a94e16b8f5bde91184d20/1493865702428/aloe+gel.jpg|https://www.therefillrevolution.com/bulk-refills/lily-of-the-desert-organic-aloe-vera-gel-1-gallon|Refill Revolution|lily desert aloe vera gel  organic|
Biokleen All-Purpose Cleaner Concentrate|from 2.72|https://static1.squarespace.com/static/58fd6c96440243efc9da8e98/59ab2c818fd4d2874807a7a3/5934bf8415cf7dc475a00838/1512670420330/Biokleen+All+purp+cleaner.jpg|https://www.therefillrevolution.com/bulk-refills/biokleen-all-purpose-cleaner-concentrate|Refill Revolution|biokleen allpurpose cleaner concentrate|
Biokleen Glass Cleaner|from 1.40|https://static1.squarespace.com/static/58fd6c96440243efc9da8e98/59ab2c818fd4d2874807a7a3/5934bfb8197aeac1169bac58/1516478132573/Biokleen+Glass+Cleaner.jpg|https://www.therefillrevolution.com/bulk-refills/biokleen-glass-cleaner|Refill Revolution|biokleen glass cleaner|
Biokleen Natural Dish Soap|from 3.78|https://static1.squarespace.com/static/58fd6c96440243efc9da8e98/59ab2c818fd4d2874807a7a3/5934c0009f745664047b8bae/1516477597668/Biokleen+Dish+Soap.jpg|https://www.therefillrevolution.com/bulk-refills/biokleen-natural-dish-soap-citrus-essence|Refill Revolution|biokleen natural dish soap|
Biokleen Automatic Dishwasher Detergent|from 4.84|https://static1.squarespace.com/static/58fd6c96440243efc9da8e98/59ab2c818fd4d2874807a7a3/5934bf1f893fc022940fcc70/1516477704764/Biokleen+dishwasher+deterg.jpg|https://www.therefillrevolution.com/bulk-refills/biokleen-automatic-dish-gel|Refill Revolution|biokleen automatic dishwasher detergent|
Biokleen Laundry Detergent|from 4.52|https://static1.squarespace.com/static/58fd6c96440243efc9da8e98/59ab2c818fd4d2874807a7a3/5934c04d29687f39e62e3f13/1516478393764/Biokleen+Laundry+deterg.jpg|https://www.therefillrevolution.com/bulk-refills/biokleen-laundry-liquid|Refill Revolution|biokleen laundry detergent|
Dishwasher Powder- Biokleen Free n' Clear|from 8.00|https://static1.squarespace.com/static/58fd6c96440243efc9da8e98/59ab2c818fd4d2874807a7a3/5a638568e4966be29435b50a/1516471689489/IMG_9303.JPG|https://www.therefillrevolution.com/bulk-refills/dishwasher-powder-biokleen-free-n-clear|Refill Revolution|dishwasher powder biokleen free n clear|
Bulk Laundry Powder|from 7.00|https://static1.squarespace.com/static/58fd6c96440243efc9da8e98/59ab2c818fd4d2874807a7a3/5a63c552f9619ad9da779b2c/1516488041140/IMG_9318.JPG|https://www.therefillrevolution.com/bulk-refills/bulk-laundry-powder|Refill Revolution|bulk laundry powder|
Beet Root Powder- Organic|from 4.75|https://static1.squarespace.com/static/58fd6c96440243efc9da8e98/5a1b0d34e4966b1342ff4227/5a1b0e4271c10b644bb2fcdc/1511722584415/IMG_7449.JPG|https://www.therefillrevolution.com/raw-materials/beet-root-powder-organic|Refill Revolution|beet root powder organic|
Cocoa Powder- Organic|from 3.00|https://static1.squarespace.com/static/58fd6c96440243efc9da8e98/5a1b0d34e4966b1342ff4227/5a1b0f0041920213691366dd/1511722786589/IMG_7448.JPG|https://www.therefillrevolution.com/raw-materials/cocoa-powder-organic|Refill Revolution|cocoa powder organic|
Activated Charcoal Powder|from 4.50|https://static1.squarespace.com/static/58fd6c96440243efc9da8e98/5a1b0d34e4966b1342ff4227/5a1b0fcee2c483f5adf2cc7e/1511722990351/IMG_7453.JPG|https://www.therefillrevolution.com/raw-materials/activated-charcoal-powder|Refill Revolution|activated charcoal powder|
Yellow Beeswax Beads|from 16.00|https://static1.squarespace.com/static/58fd6c96440243efc9da8e98/5a1b0d34e4966b1342ff4227/5a1b1051e2c483f5adf2e2b1/1511723122795/IMG_7446.JPG|https://www.therefillrevolution.com/raw-materials/yellow-beeswax-beads|Refill Revolution|yellow beeswax beads|
Cocoa Butter Wafers- Organic|from 18.00|https://static1.squarespace.com/static/58fd6c96440243efc9da8e98/5a1b0d34e4966b1342ff4227/5a1b10e4419202136913b913/1511723259552/IMG_7445.JPG|https://www.therefillrevolution.com/raw-materials/cocoa-butter-wafers-organic|Refill Revolution|cocoa butter wafers organic|
Shea Butter- Organic|from 13.50|https://static1.squarespace.com/static/58fd6c96440243efc9da8e98/5a1b0d34e4966b1342ff4227/5a1b119ff9619afa6a4b375b/1511723444417/IMG_7447.JPG|https://www.therefillrevolution.com/raw-materials/shea-butter-organic|Refill Revolution|shea butter organic|
Lavender Flowers- Organic|from 6.25|https://static1.squarespace.com/static/58fd6c96440243efc9da8e98/5a1b0d34e4966b1342ff4227/5a1b15be4192021369148355/1511724506389/IMG_7458.JPG|https://www.therefillrevolution.com/raw-materials/lavender-flowers-organic|Refill Revolution|lavender flowers organic|
Pink Rosebuds- Organic|from 6.25|https://static1.squarespace.com/static/58fd6c96440243efc9da8e98/5a1b0d34e4966b1342ff4227/5a1b15fce2c483f5adf3cd56/1511724581937/IMG_7457.JPG|https://www.therefillrevolution.com/raw-materials/pink-rosebuds-organic|Refill Revolution|pink rosebuds organic|
French Green Clay|from 4.00|https://static1.squarespace.com/static/58fd6c96440243efc9da8e98/5a1b0d34e4966b1342ff4227/5a1b1b5fe2c483f5adf4b64b/1511725952697/IMG_7464.JPG|https://www.therefillrevolution.com/raw-materials/french-green-clay|Refill Revolution|french green clay|
Soy Candle Wax- 2 lbs|10.00|https://static1.squarespace.com/static/58fd6c96440243efc9da8e98/5a1b0d34e4966b1342ff4227/5a1c7b0ec83025aa86a3ec22/1511815958471/IMG_7525.JPG|https://www.therefillrevolution.com/raw-materials/soy-candle-wax-2-lbs|Refill Revolution|soy candle wax lbs|
6" Candle Wick|0.15|https://static1.squarespace.com/static/58fd6c96440243efc9da8e98/5a1b0d34e4966b1342ff4227/5a1c7caf9140b7c30662a523/1511816373433/IMG_7528.JPG|https://www.therefillrevolution.com/raw-materials/6-candle-wick|Refill Revolution|candle wick|
8" Candle Wick|0.17|https://static1.squarespace.com/static/58fd6c96440243efc9da8e98/5a1b0d34e4966b1342ff4227/5a1c7d650d92971bbc2e16db/1511816561242/IMG_7529.JPG|https://www.therefillrevolution.com/raw-materials/8-candle-wick|Refill Revolution|candle wick|
Wooden Crackle Wick + Metal Clip|0.76|https://static1.squarespace.com/static/58fd6c96440243efc9da8e98/5a1b0d34e4966b1342ff4227/5a1c7ec071c10b644bf1565d/1511816904092/IMG_7530.JPG|https://www.therefillrevolution.com/raw-materials/wooden-crackle-wick|Refill Revolution|wooden crackle wick  metal clip|
Wooden Crackle Wick + Metal Clip|0.96|https://static1.squarespace.com/static/58fd6c96440243efc9da8e98/5a1b0d34e4966b1342ff4227/5a1c81e7e4966b13423e77b3/1511817711539/IMG_7531.JPG|https://www.therefillrevolution.com/raw-materials/wooden-crackle-wick-metal-clip|Refill Revolution|wooden crackle wick  metal clip|
DIY Blush Makeup Kit|18.00|https://static1.squarespace.com/static/58fd6c96440243efc9da8e98/5a1b0d34e4966b1342ff4227/5a1e024024a694106d188a85/1511916130251/IMG_7552.JPG|https://www.therefillrevolution.com/raw-materials/diy-blush-makeup-kit|Refill Revolution|diy blush makeup kit|
Rose Water|from 9.25|https://static1.squarespace.com/static/58fd6c96440243efc9da8e98/5a1b0d34e4966b1342ff4227/5a2059cb0852299886e196b2/1512069599951/IMG_7621.JPG|https://www.therefillrevolution.com/raw-materials/rose-water|Refill Revolution|rose water|
Pink Himalayan Salt- Coarse|8.00|https://static1.squarespace.com/static/58fd6c96440243efc9da8e98/5a1b0d34e4966b1342ff4227/5a209422c8302566a3a8d9d3/1512084539200/IMG_7658.JPG|https://www.therefillrevolution.com/raw-materials/pink-himalayan-salt-coarse|Refill Revolution|pink himalayan salt coarse|
Bentonite Clay Powder- 3 oz|from 4.25|https://static1.squarespace.com/static/58fd6c96440243efc9da8e98/5a1b0d34e4966b1342ff4227/5a21a2e153450adaabc6ba55/1512153852729/IMG_7665.JPG|https://www.therefillrevolution.com/raw-materials/bentonite-clay-powder-3-oz|Refill Revolution|bentonite clay powder oz|
Pink Australian Clay Powder- 4 oz|from 4.00|https://static1.squarespace.com/static/58fd6c96440243efc9da8e98/5a1b0d34e4966b1342ff4227/5a21a39eec212dc9030cfb99/1512154040295/IMG_7666.JPG|https://www.therefillrevolution.com/raw-materials/pink-australian-clay-powder-4-oz|Refill Revolution|pink australian clay powder oz|
Arrowroot Powder- 2 oz|from 7.50|https://static1.squarespace.com/static/58fd6c96440243efc9da8e98/5a1b0d34e4966b1342ff4227/5a32c3290d9297a0fd1c17f7/1513276220049/IMG_8019.JPG|https://www.therefillrevolution.com/raw-materials/arrowroot-powder-2-oz|Refill Revolution|arrowroot powder oz|
Essential Oil Roll-On Kit|22.00|https://static1.squarespace.com/static/58fd6c96440243efc9da8e98/5a1b0d34e4966b1342ff4227/5a34456671c10b467bef1b74/1513375125317/IMG_8049.JPG|https://www.therefillrevolution.com/raw-materials/essential-oil-roll-on-kit|Refill Revolution|essential oil rollon kit|
Diatomaceous Earth Powder|from 5.00|https://static1.squarespace.com/static/58fd6c96440243efc9da8e98/5a1b0d34e4966b1342ff4227/5a639aa88165f52495d01377/1516477120236/IMG_9304.JPG|https://www.therefillrevolution.com/raw-materials/diatomaceous-earth-powder|Refill Revolution|diatomaceous earth powder|
Organic Castor Oil|from 6.00|https://static1.squarespace.com/static/58fd6c96440243efc9da8e98/5a1b0d34e4966b1342ff4227/5a70be6a71c10baf1045a225/1517338247856/IMG_9786.JPG|https://www.therefillrevolution.com/raw-materials/organic-castor-oil|Refill Revolution|organic castor oil|
Organic Virgin Coconut Oil|from 7.00|https://static1.squarespace.com/static/58fd6c96440243efc9da8e98/5a1b0d34e4966b1342ff4227/5a70bf3141920211d24b9006/1517338440328/IMG_9785.JPG|https://www.therefillrevolution.com/raw-materials/organic-virgin-coconut-oil|Refill Revolution|organic virgin coconut oil|
Blue Mica Powder|from 5.50|https://static1.squarespace.com/static/58fd6c96440243efc9da8e98/5a1b0d34e4966b1342ff4227/5a737877ec212da09ac53410/1517516958158/IMG_9851.JPG|https://www.therefillrevolution.com/raw-materials/blue-mica-powder|Refill Revolution|blue mica powder|
Bronze Mica Powder|from 7.50|https://static1.squarespace.com/static/58fd6c96440243efc9da8e98/5a1b0d34e4966b1342ff4227/5a7379fe0852296c715f6eb2/1517517337476/IMG_9850.JPG|https://www.therefillrevolution.com/raw-materials/bronze-mica-powder|Refill Revolution|bronze mica powder|
DIY Mascara & Eyeliner Kit|from 14.75|https://static1.squarespace.com/static/58fd6c96440243efc9da8e98/5a1b0d34e4966b1342ff4227/5a737bae53450ae0e7f99813/1517517778236/IMG_9840.JPG|https://www.therefillrevolution.com/raw-materials/diy-mascara-eyeliner-kit|Refill Revolution|diy mascara  eyeliner kit|
Red Mica Powder|from 5.50|https://static1.squarespace.com/static/58fd6c96440243efc9da8e98/5a1b0d34e4966b1342ff4227/5a7f5ccd8165f5c7006f8404/1518296298523/IMG_0062.JPG|https://www.therefillrevolution.com/raw-materials/red-mica-powder|Refill Revolution|red mica powder|
Custom Item for Usi|11.00|https://static1.squarespace.com/static/58fd6c96440243efc9da8e98/5a1b0d34e4966b1342ff4227/5a8265acec212db2edcd8b7f/1518495149594/custom-order-for-molly-set-of-5-printable-bridal-shower-games-bingo-madlibs-advice-word-scramble-and-what39s-in-your-purse-navy-blue.jpg|https://www.therefillrevolution.com/raw-materials/custom-item-for-usi|Refill Revolution|custom item usi|
Activated Charcoal + Himalayan Pink Sea Salt|6.50|https://static1.squarespace.com/static/58fd6c96440243efc9da8e98/590401d3e6f2e142b4956bac/5904e406bebafb1fcb3c7736/1493492744547/ACtivated+charcoal+soap.jpg|https://www.therefillrevolution.com/products/activated-charcoal-himalayan-pink-sea-salt|Refill Revolution|activated charcoal  himalayan pink sea salt|
Lavender Bar Soap|6.50|https://static1.squarespace.com/static/58fd6c96440243efc9da8e98/590401d3e6f2e142b4956bac/5932e0b7197aea33fed2042e/1496506552901/lavender+bar+soap.jpg|https://www.therefillrevolution.com/products/lavender-bar-soap|Refill Revolution|lavender bar soap|
Handmade Reclaimed Wooden Soap Dish|from 3.00|https://static1.squarespace.com/static/58fd6c96440243efc9da8e98/590401d3e6f2e142b4956bac/594f390617bffce572b68cf7/1498364178395/wooden+soap+dish.jpg|https://www.therefillrevolution.com/products/handmade-reclaimed-wooden-soap-dish|Refill Revolution|handmade reclaimed wooden soap dish|
Rosemary Avocado Shampoo Bar|10.00|https://static1.squarespace.com/static/58fd6c96440243efc9da8e98/590401d3e6f2e142b4956bac/59b9d3adb08eb2d9a39339f4/1505350574657/rosemary+sage+poobar.jpg|https://www.therefillrevolution.com/products/rosemary-avocado-shampoo-bar|Refill Revolution|rosemary avocado shampoo bar|
Dental Lace Bio-degradable Floss|5.99|https://static1.squarespace.com/static/58fd6c96440243efc9da8e98/590401d3e6f2e142b4956bac/595975f2d1758ecfaf0655f0/1499035124226/floss+3.jpg|https://www.therefillrevolution.com/products/dental-lace-floss|Refill Revolution|dental lace biodegradable floss|
Charcoal Bristled Bamboo Toothbrush|6.95|https://static1.squarespace.com/static/58fd6c96440243efc9da8e98/590401d3e6f2e142b4956bac/59d831247131a562e47a4ab4/1516225167194/brusheskids.jpg|https://www.therefillrevolution.com/products/charcoal-bristled-bamboo-toothbrush|Refill Revolution|charcoal bristled bamboo toothbrush|
Dental Lace Bio-degradable Floss Refill|4.99|https://static1.squarespace.com/static/58fd6c96440243efc9da8e98/590401d3e6f2e142b4956bac/592f8d7017bffc9555caa87e/1496288625379/floss+refill.jpg|https://www.therefillrevolution.com/products/dental-lace-bio-degradable-floss-refill|Refill Revolution|dental lace biodegradable floss refill|
Bamboo Toothbrush|4.99|https://static1.squarespace.com/static/58fd6c96440243efc9da8e98/590401d3e6f2e142b4956bac/5904e6338419c22f9be29072/1499093077551/Bamboo+Tooth+Brush.png|https://www.therefillrevolution.com/products/bamboo-toothbrush|Refill Revolution|bamboo toothbrush|
Bamboo Toothbrush Travel Case|14.99|https://static1.squarespace.com/static/58fd6c96440243efc9da8e98/590401d3e6f2e142b4956bac/5904e6f7ff7c50866d8ea1c4/1516225232110/Travel+Case.png|https://www.therefillrevolution.com/products/toothbrush-travel-case|Refill Revolution|bamboo toothbrush travel case|
Kids Charcoal Bristled Bamboo Toothbrush|5.95|https://static1.squarespace.com/static/58fd6c96440243efc9da8e98/590401d3e6f2e142b4956bac/597d0dd8ebbd1ad6943f385c/1501367783544/kidsnatboo.jpg|https://www.therefillrevolution.com/products/kids-charcoal-bristled-bamboo-toothbrush|Refill Revolution|kids charcoal bristled bamboo toothbrush|
Bamboo ToothBrush Holder (Fits NATBOO Brushes)|4.50|https://static1.squarespace.com/static/58fd6c96440243efc9da8e98/590401d3e6f2e142b4956bac/59da5b616f4ca34ba293325a/1516225279541/natbooholder2.jpg|https://www.therefillrevolution.com/products/bamboo-toothbrush-holder-fits-natboo-brushes|Refill Revolution|bamboo toothbrush holder fits natboo brushes|
Charcoal Bamboo Toothbrush- One year supply|28.00|https://static1.squarespace.com/static/58fd6c96440243efc9da8e98/590401d3e6f2e142b4956bac/598fa3b4914e6bba68af0729/1502585798590/IMG_5292.JPG|https://www.therefillrevolution.com/products/k2ong14imkj7vxgg9tbsoajihrjkpu|Refill Revolution|charcoal bamboo toothbrush one year supply|
